surveywave,id_state,id_school,id_teacher,treatment,strata,weight_tdna,fpc_school,n_tdna_math,n_tdna_eng,n_tdna_sci,n_tdna_progress
Round 1 Baseline,Jigawa,1,1,Treatment,111,3,.3333333333333333,20,11,22.5,10
Round 1 Baseline,Jigawa,1,2,Treatment,111,3,.3333333333333333,15,5,9.5,7
Round 1 Baseline,Jigawa,1,3,Treatment,111,3,.3333333333333333,7,4,7.5,3
Round 1 Baseline,Jigawa,1,4,Treatment,111,3,.3333333333333333,13,8,3.5,7
Round 1 Baseline,Jigawa,4,1,Treatment,111,3,.3333333333333333,4,0,.5,0
Round 1 Baseline,Jigawa,4,2,Treatment,111,3,.3333333333333333,8,7,3.5,0
Round 1 Baseline,Jigawa,4,3,Treatment,111,3,.3333333333333333,6,7,2.5,3
Round 1 Baseline,Jigawa,4,4,Treatment,111,3,.3333333333333333,12,6,4.5,3
Round 1 Baseline,Jigawa,8,1,Treatment,111,3,.3333333333333333,17,6,5,2
Round 1 Baseline,Jigawa,8,2,Treatment,111,3,.3333333333333333,13,6,4,0
Round 1 Baseline,Jigawa,8,3,Treatment,111,3,.3333333333333333,15,6,3,3
Round 1 Baseline,Jigawa,8,4,Treatment,111,3,.3333333333333333,15,7,3.5,3
Round 1 Baseline,Jigawa,11,1,Treatment,111,4,.3333333333333333,15,9,8,3
Round 1 Baseline,Jigawa,11,3,Treatment,111,4,.3333333333333333,13,8,6.5,2
Round 1 Baseline,Jigawa,11,4,Treatment,111,4,.3333333333333333,14,6,4.5,3
Round 1 Baseline,Jigawa,20,1,Control,110,3,.3333333333333333,9,7,5,0
Round 1 Baseline,Jigawa,20,2,Control,110,3,.3333333333333333,8,6,9.5,1
Round 1 Baseline,Jigawa,20,3,Control,110,3,.3333333333333333,4,9,5.5,0
Round 1 Baseline,Jigawa,20,4,Control,110,3,.3333333333333333,5,5,5.5,0
Round 1 Baseline,Jigawa,21,1,Control,110,6,.3333333333333333,7,9,4,3
Round 1 Baseline,Jigawa,21,2,Control,110,6,.3333333333333333,15,8,10.5,10
Round 1 Baseline,Jigawa,23,1,Control,110,6,.3333333333333333,9,10,10.5,0
Round 1 Baseline,Jigawa,23,2,Control,110,6,.3333333333333333,7,5,2,0
Round 1 Baseline,Jigawa,24,1,Control,110,6,.3333333333333333,15,11,9.5,5
Round 1 Baseline,Jigawa,24,2,Control,110,6,.3333333333333333,14,3,2,0
Round 1 Baseline,Jigawa,25,2,Treatment,121,4,.3333333333333333,12,1,4,4
Round 1 Baseline,Jigawa,25,3,Treatment,121,4,.3333333333333333,13,0,4,1
Round 1 Baseline,Jigawa,25,4,Treatment,121,4,.3333333333333333,6,7,7,3
Round 1 Baseline,Jigawa,26,1,Treatment,121,3,.3333333333333333,7,8,11,3
Round 1 Baseline,Jigawa,26,2,Treatment,121,3,.3333333333333333,15,9,1,0
Round 1 Baseline,Jigawa,26,3,Treatment,121,3,.3333333333333333,17,9,2,7
Round 1 Baseline,Jigawa,26,4,Treatment,121,3,.3333333333333333,11,8,5,1
Round 1 Baseline,Jigawa,33,1,Treatment,121,3,.3333333333333333,17,11,19,18
Round 1 Baseline,Jigawa,33,2,Treatment,121,3,.3333333333333333,18,13,8,21
Round 1 Baseline,Jigawa,33,3,Treatment,121,3,.3333333333333333,10,7,8.5,3
Round 1 Baseline,Jigawa,33,4,Treatment,121,3,.3333333333333333,5,0,6.5,0
Round 1 Baseline,Jigawa,36,1,Treatment,121,4,.3333333333333333,7,0,10,0
Round 1 Baseline,Jigawa,36,3,Treatment,121,4,.3333333333333333,6,0,2,0
Round 1 Baseline,Jigawa,36,4,Treatment,121,4,.3333333333333333,9,1,.5,0
Round 1 Baseline,Jigawa,39,1,Control,120,4,.3333333333333333,7,1,7.5,2
Round 1 Baseline,Jigawa,39,2,Control,120,4,.3333333333333333,3,6,3.5,0
Round 1 Baseline,Jigawa,39,3,Control,120,4,.3333333333333333,6,9,4.5,3
Round 1 Baseline,Jigawa,40,1,Control,120,3,.3333333333333333,4,15,16,8
Round 1 Baseline,Jigawa,40,2,Control,120,3,.3333333333333333,7,9,8,5
Round 1 Baseline,Jigawa,40,3,Control,120,3,.3333333333333333,7,9,9.5,3
Round 1 Baseline,Jigawa,40,4,Control,120,3,.3333333333333333,10,1,2.5,0
Round 1 Baseline,Jigawa,42,2,Control,120,6,.3333333333333333,7,0,6,8
Round 1 Baseline,Jigawa,42,3,Control,120,6,.3333333333333333,3,5,0,3
Round 1 Baseline,Jigawa,43,1,Control,120,3,.3333333333333333,9,2,10,8
Round 1 Baseline,Jigawa,43,2,Control,120,3,.3333333333333333,11,5,5.5,4
Round 1 Baseline,Jigawa,43,3,Control,120,3,.3333333333333333,11,7,8,2
Round 1 Baseline,Jigawa,43,4,Control,120,3,.3333333333333333,10,6,7,4
Round 1 Baseline,Jigawa,52,1,Treatment,131,3,.3333333333333333,16,7,16.5,9
Round 1 Baseline,Jigawa,52,2,Treatment,131,3,.3333333333333333,15,0,10,0
Round 1 Baseline,Jigawa,52,3,Treatment,131,3,.3333333333333333,14,2,10.5,0
Round 1 Baseline,Jigawa,52,4,Treatment,131,3,.3333333333333333,13,1,12.5,0
Round 1 Baseline,Jigawa,53,1,Treatment,131,3,.3333333333333333,12,2,5,8
Round 1 Baseline,Jigawa,53,2,Treatment,131,3,.3333333333333333,10,2,5.5,6
Round 1 Baseline,Jigawa,53,3,Treatment,131,3,.3333333333333333,10,4,4.5,3
Round 1 Baseline,Jigawa,53,4,Treatment,131,3,.3333333333333333,12,7,5,9
Round 1 Baseline,Jigawa,55,1,Treatment,131,3,.3333333333333333,11,5,18,8
Round 1 Baseline,Jigawa,55,2,Treatment,131,3,.3333333333333333,12,5,4.5,3
Round 1 Baseline,Jigawa,55,3,Treatment,131,3,.3333333333333333,12,5,4.5,3
Round 1 Baseline,Jigawa,55,4,Treatment,131,3,.3333333333333333,13,1,5.5,4
Round 1 Baseline,Jigawa,59,1,Treatment,131,3,.3333333333333333,12,5,9,0
Round 1 Baseline,Jigawa,59,2,Treatment,131,3,.3333333333333333,11,6,4,2
Round 1 Baseline,Jigawa,59,3,Treatment,131,3,.3333333333333333,14,6,18,0
Round 1 Baseline,Jigawa,59,4,Treatment,131,3,.3333333333333333,10,5,7.5,0
Round 1 Baseline,Jigawa,65,1,Control,130,22,.1818181818181818,17,7,7,11
Round 1 Baseline,Jigawa,69,1,Control,130,5.5,.1818181818181818,10,0,9,8
Round 1 Baseline,Jigawa,69,2,Control,130,5.5,.1818181818181818,10,3,5,1
Round 1 Baseline,Jigawa,69,3,Control,130,5.5,.1818181818181818,14,9,14,3
Round 1 Baseline,Jigawa,69,4,Control,130,5.5,.1818181818181818,14,5,14,2
Round 1 Baseline,Jigawa,76,2,Treatment,141,4,.3333333333333333,14,6,8,4
Round 1 Baseline,Jigawa,76,3,Treatment,141,4,.3333333333333333,6,5,9.5,0
Round 1 Baseline,Jigawa,76,4,Treatment,141,4,.3333333333333333,18,6,12.5,5
Round 1 Baseline,Jigawa,78,1,Treatment,141,6,.3333333333333333,7,3,3.5,0
Round 1 Baseline,Jigawa,78,2,Treatment,141,6,.3333333333333333,7,5,1.5,0
Round 1 Baseline,Jigawa,80,1,Treatment,141,12,.3333333333333333,7,1,2.5,3
Round 1 Baseline,Jigawa,86,3,Control,140,11,.3636363636363637,6,0,0,0
Round 1 Baseline,Jigawa,88,1,Control,140,2.75,.3636363636363637,11,5,8,3
Round 1 Baseline,Jigawa,88,2,Control,140,2.75,.3636363636363637,19,5,10,8
Round 1 Baseline,Jigawa,88,3,Control,140,2.75,.3636363636363637,17,10,20,4
Round 1 Baseline,Jigawa,88,4,Control,140,2.75,.3636363636363637,11,5,6.5,0
Round 1 Baseline,Jigawa,96,1,Control,140,5.5,.3636363636363637,7,1,2.5,0
Round 1 Baseline,Jigawa,96,2,Control,140,5.5,.3636363636363637,3,0,2,0
Round 1 Baseline,Jigawa,100,1,Treatment,151,3,.3333333333333333,14,9,6,14
Round 1 Baseline,Jigawa,100,2,Treatment,151,3,.3333333333333333,13,7,4.5,9
Round 1 Baseline,Jigawa,100,3,Treatment,151,3,.3333333333333333,14,2,3.5,5
Round 1 Baseline,Jigawa,100,4,Treatment,151,3,.3333333333333333,7,1,6.5,0
Round 1 Baseline,Jigawa,101,1,Treatment,151,3,.3333333333333333,9,7,8.5,5
Round 1 Baseline,Jigawa,101,2,Treatment,151,3,.3333333333333333,19,16,10.5,14
Round 1 Baseline,Jigawa,101,3,Treatment,151,3,.3333333333333333,17,7,11.5,1
Round 1 Baseline,Jigawa,101,4,Treatment,151,3,.3333333333333333,23,15,18.5,3
Round 1 Baseline,Jigawa,105,1,Treatment,151,3,.3333333333333333,13,13,9.5,12
Round 1 Baseline,Jigawa,105,2,Treatment,151,3,.3333333333333333,17,14,8.5,12
Round 1 Baseline,Jigawa,105,3,Treatment,151,3,.3333333333333333,18,7,8.5,15
Round 1 Baseline,Jigawa,105,4,Treatment,151,3,.3333333333333333,16,9,12,11
Round 1 Baseline,Jigawa,107,1,Treatment,151,4,.3333333333333333,15,10,12.5,8
Round 1 Baseline,Jigawa,107,2,Treatment,151,4,.3333333333333333,9,9,9.5,8
Round 1 Baseline,Jigawa,107,3,Treatment,151,4,.3333333333333333,14,10,7.5,10
Round 1 Baseline,Jigawa,112,1,Control,150,3,.3333333333333333,16,0,4,2
Round 1 Baseline,Jigawa,112,2,Control,150,3,.3333333333333333,5,4,5.5,0
Round 1 Baseline,Jigawa,112,3,Control,150,3,.3333333333333333,9,10,5.5,3
Round 1 Baseline,Jigawa,112,4,Control,150,3,.3333333333333333,8,9,1.5,1
Round 1 Baseline,Jigawa,114,1,Control,150,3,.3333333333333333,17,6,14,4
Round 1 Baseline,Jigawa,114,2,Control,150,3,.3333333333333333,8,8,1.5,1
Round 1 Baseline,Jigawa,114,3,Control,150,3,.3333333333333333,16,11,15,1
Round 1 Baseline,Jigawa,114,4,Control,150,3,.3333333333333333,6,0,1.5,0
Round 1 Baseline,Jigawa,119,1,Control,150,6,.3333333333333333,21,15,12,14
Round 1 Baseline,Jigawa,119,2,Control,150,6,.3333333333333333,13,7,11.5,1
Round 1 Baseline,Jigawa,120,1,Control,150,3,.3333333333333333,15,7,6.5,16
Round 1 Baseline,Jigawa,120,2,Control,150,3,.3333333333333333,9,6,7,12
Round 1 Baseline,Jigawa,120,3,Control,150,3,.3333333333333333,15,6,6.5,10
Round 1 Baseline,Jigawa,120,4,Control,150,3,.3333333333333333,21,12,14.5,10
Round 1 Baseline,Jigawa,126,1,Treatment,161,4,.3333333333333333,2,4,6.5,0
Round 1 Baseline,Jigawa,126,2,Treatment,161,4,.3333333333333333,9,7,4.5,0
Round 1 Baseline,Jigawa,126,4,Treatment,161,4,.3333333333333333,7,5,4,5
Round 1 Baseline,Jigawa,127,1,Treatment,161,3,.3333333333333333,11,6,6,0
Round 1 Baseline,Jigawa,127,2,Treatment,161,3,.3333333333333333,13,4,7,2
Round 1 Baseline,Jigawa,127,3,Treatment,161,3,.3333333333333333,15,7,18.5,5
Round 1 Baseline,Jigawa,127,4,Treatment,161,3,.3333333333333333,18,8,16,8
Round 1 Baseline,Jigawa,128,1,Treatment,161,4,.3333333333333333,17,6,9,5
Round 1 Baseline,Jigawa,128,3,Treatment,161,4,.3333333333333333,12,9,4,8
Round 1 Baseline,Jigawa,128,4,Treatment,161,4,.3333333333333333,13,10,12,0
Round 1 Baseline,Jigawa,129,1,Treatment,161,3,.3333333333333333,17,6,3,3
Round 1 Baseline,Jigawa,129,2,Treatment,161,3,.3333333333333333,15,6,6.5,0
Round 1 Baseline,Jigawa,129,3,Treatment,161,3,.3333333333333333,15,7,2,3
Round 1 Baseline,Jigawa,129,4,Treatment,161,3,.3333333333333333,14,7,9,3
Round 1 Baseline,Jigawa,135,1,Control,160,2.75,.3636363636363637,9,6,7.5,2
Round 1 Baseline,Jigawa,135,2,Control,160,2.75,.3636363636363637,16,7,19.5,3
Round 1 Baseline,Jigawa,135,3,Control,160,2.75,.3636363636363637,18,8,9,4
Round 1 Baseline,Jigawa,135,4,Control,160,2.75,.3636363636363637,18,6,8.5,0
Round 1 Baseline,Jigawa,136,1,Control,160,2.75,.3636363636363637,17,7,2,3
Round 1 Baseline,Jigawa,136,2,Control,160,2.75,.3636363636363637,12,8,10.5,0
Round 1 Baseline,Jigawa,136,3,Control,160,2.75,.3636363636363637,17,3,6.5,4
Round 1 Baseline,Jigawa,136,4,Control,160,2.75,.3636363636363637,15,6,14,0
Round 1 Baseline,Jigawa,142,1,Control,160,2.75,.3636363636363637,19,6,11.5,4
Round 1 Baseline,Jigawa,142,2,Control,160,2.75,.3636363636363637,17,6,15.5,4
Round 1 Baseline,Jigawa,142,3,Control,160,2.75,.3636363636363637,13,12,14,0
Round 1 Baseline,Jigawa,142,4,Control,160,2.75,.3636363636363637,12,6,4.5,0
Round 1 Baseline,Jigawa,143,1,Control,160,5.5,.3636363636363637,18,9,21.5,7
Round 1 Baseline,Jigawa,143,3,Control,160,5.5,.3636363636363637,16,4,4.5,4
Round 1 Baseline,Jigawa,147,1,Treatment,171,3.666666666666667,.3636363636363637,19,8,12.5,13
Round 1 Baseline,Jigawa,147,2,Treatment,171,3.666666666666667,.3636363636363637,13,8,7.5,0
Round 1 Baseline,Jigawa,147,3,Treatment,171,3.666666666666667,.3636363636363637,21,7,15,9
Round 1 Baseline,Jigawa,148,1,Treatment,171,2.75,.3636363636363637,14,8,19.5,8
Round 1 Baseline,Jigawa,148,2,Treatment,171,2.75,.3636363636363637,8,3,7,3
Round 1 Baseline,Jigawa,148,3,Treatment,171,2.75,.3636363636363637,12,4,4.5,4
Round 1 Baseline,Jigawa,148,4,Treatment,171,2.75,.3636363636363637,14,0,4,0
Round 1 Baseline,Jigawa,150,1,Treatment,171,2.75,.3636363636363637,10,2,8.5,5
Round 1 Baseline,Jigawa,150,2,Treatment,171,2.75,.3636363636363637,18,5,14.5,3
Round 1 Baseline,Jigawa,150,3,Treatment,171,2.75,.3636363636363637,22,2,9.5,7
Round 1 Baseline,Jigawa,150,4,Treatment,171,2.75,.3636363636363637,7,7,11,1
Round 1 Baseline,Jigawa,155,1,Treatment,171,2.75,.3636363636363637,13,6,4.5,4
Round 1 Baseline,Jigawa,155,2,Treatment,171,2.75,.3636363636363637,9,0,8,0
Round 1 Baseline,Jigawa,155,3,Treatment,171,2.75,.3636363636363637,15,4,5,0
Round 1 Baseline,Jigawa,155,4,Treatment,171,2.75,.3636363636363637,8,0,12,0
Round 1 Baseline,Jigawa,158,1,Control,170,1,1,13,4,4.5,3
Round 1 Baseline,Jigawa,158,2,Control,170,1,1,15,5,6,3
Round 1 Baseline,Jigawa,158,3,Control,170,1,1,20,3,6,13
Round 1 Baseline,Jigawa,158,4,Control,170,1,1,10,5,1.5,1
Round 1 Baseline,Jigawa,167,1,Control,170,1.333333333333333,1,12,4,6.5,5
Round 1 Baseline,Jigawa,167,2,Control,170,1.333333333333333,1,13,4,11,0
Round 1 Baseline,Jigawa,167,3,Control,170,1.333333333333333,1,6,4,7,0
Round 1 Baseline,Jigawa,169,1,Treatment,181,2.75,.3636363636363637,12,6,9,8
Round 1 Baseline,Jigawa,169,2,Treatment,181,2.75,.3636363636363637,13,6,6.5,7
Round 1 Baseline,Jigawa,169,3,Treatment,181,2.75,.3636363636363637,18,5,16.5,6
Round 1 Baseline,Jigawa,169,4,Treatment,181,2.75,.3636363636363637,18,5,12.5,8
Round 1 Baseline,Jigawa,173,1,Treatment,181,2.75,.3636363636363637,13,6,12,3
Round 1 Baseline,Jigawa,173,2,Treatment,181,2.75,.3636363636363637,6,5,6.5,2
Round 1 Baseline,Jigawa,173,3,Treatment,181,2.75,.3636363636363637,5,1,6,3
Round 1 Baseline,Jigawa,173,4,Treatment,181,2.75,.3636363636363637,16,5,13,4
Round 1 Baseline,Jigawa,176,1,Treatment,181,2.75,.3636363636363637,12,5,9.5,1
Round 1 Baseline,Jigawa,176,2,Treatment,181,2.75,.3636363636363637,10,3,13,3
Round 1 Baseline,Jigawa,176,3,Treatment,181,2.75,.3636363636363637,12,7,16.5,6
Round 1 Baseline,Jigawa,176,4,Treatment,181,2.75,.3636363636363637,9,0,1.5,3
Round 1 Baseline,Jigawa,180,1,Treatment,181,2.75,.3636363636363637,18,6,15.5,8
Round 1 Baseline,Jigawa,180,2,Treatment,181,2.75,.3636363636363637,21,6,7.5,1
Round 1 Baseline,Jigawa,180,3,Treatment,181,2.75,.3636363636363637,22,6,7,1
Round 1 Baseline,Jigawa,180,4,Treatment,181,2.75,.3636363636363637,10,6,4,13
Round 1 Baseline,Jigawa,181,1,Control,180,3,.3333333333333333,14,0,6.5,2
Round 1 Baseline,Jigawa,181,2,Control,180,3,.3333333333333333,16,9,9,6
Round 1 Baseline,Jigawa,181,3,Control,180,3,.3333333333333333,15,4,6.5,11
Round 1 Baseline,Jigawa,181,4,Control,180,3,.3333333333333333,16,12,7,13
Round 1 Baseline,Jigawa,183,1,Control,180,3,.3333333333333333,13,7,9.5,6
Round 1 Baseline,Jigawa,183,2,Control,180,3,.3333333333333333,17,7,9.5,12
Round 1 Baseline,Jigawa,183,3,Control,180,3,.3333333333333333,18,10,13,12
Round 1 Baseline,Jigawa,183,4,Control,180,3,.3333333333333333,20,5,15.5,7
Round 1 Baseline,Jigawa,186,1,Control,180,3,.3333333333333333,14,0,9,0
Round 1 Baseline,Jigawa,186,2,Control,180,3,.3333333333333333,14,6,8,2
Round 1 Baseline,Jigawa,186,3,Control,180,3,.3333333333333333,14,0,7.5,0
Round 1 Baseline,Jigawa,186,4,Control,180,3,.3333333333333333,12,1,8,2
Round 1 Baseline,Jigawa,189,1,Control,180,4,.3333333333333333,6,0,5.5,0
Round 1 Baseline,Jigawa,189,2,Control,180,4,.3333333333333333,16,8,6.5,7
Round 1 Baseline,Jigawa,189,4,Control,180,4,.3333333333333333,16,5,11.5,4
Round 1 Baseline,Jigawa,194,1,Control,190,3,.3333333333333333,14,7,10,0
Round 1 Baseline,Jigawa,194,2,Control,190,3,.3333333333333333,17,6,11,3
Round 1 Baseline,Jigawa,194,3,Control,190,3,.3333333333333333,17,13,6,8
Round 1 Baseline,Jigawa,194,4,Control,190,3,.3333333333333333,14,16,18,7
Round 1 Baseline,Jigawa,196,1,Control,190,3,.3333333333333333,6,6,8,2
Round 1 Baseline,Jigawa,196,2,Control,190,3,.3333333333333333,7,0,3,2
Round 1 Baseline,Jigawa,196,3,Control,190,3,.3333333333333333,4,0,2,0
Round 1 Baseline,Jigawa,196,4,Control,190,3,.3333333333333333,7,0,2.5,0
Round 1 Baseline,Jigawa,197,1,Control,190,4,.3333333333333333,20,8,9,9
Round 1 Baseline,Jigawa,197,3,Control,190,4,.3333333333333333,21,16,15,8
Round 1 Baseline,Jigawa,197,4,Control,190,4,.3333333333333333,10,9,3,8
Round 1 Baseline,Jigawa,200,1,Control,190,3,.3333333333333333,12,3,6,6
Round 1 Baseline,Jigawa,200,2,Control,190,3,.3333333333333333,16,7,7.5,2
Round 1 Baseline,Jigawa,200,3,Control,190,3,.3333333333333333,11,0,6,0
Round 1 Baseline,Jigawa,200,4,Control,190,3,.3333333333333333,17,6,7.5,5
Round 1 Baseline,Jigawa,207,1,Treatment,191,3,.3333333333333333,4,5,5.5,1
Round 1 Baseline,Jigawa,207,2,Treatment,191,3,.3333333333333333,4,6,6.5,0
Round 1 Baseline,Jigawa,207,3,Treatment,191,3,.3333333333333333,5,6,6,0
Round 1 Baseline,Jigawa,207,4,Treatment,191,3,.3333333333333333,2,0,3,0
Round 1 Baseline,Jigawa,208,1,Treatment,191,3,.3333333333333333,11,5,11,2
Round 1 Baseline,Jigawa,208,2,Treatment,191,3,.3333333333333333,8,6,4.5,0
Round 1 Baseline,Jigawa,208,3,Treatment,191,3,.3333333333333333,13,8,11,2
Round 1 Baseline,Jigawa,208,4,Treatment,191,3,.3333333333333333,7,7,6.5,0
Round 1 Baseline,Jigawa,210,1,Treatment,191,3,.3333333333333333,18,11,11.5,5
Round 1 Baseline,Jigawa,210,2,Treatment,191,3,.3333333333333333,13,5,7,0
Round 1 Baseline,Jigawa,210,3,Treatment,191,3,.3333333333333333,7,2,5,0
Round 1 Baseline,Jigawa,210,4,Treatment,191,3,.3333333333333333,14,11,7.5,0
Round 1 Baseline,Jigawa,211,1,Treatment,191,4,.3333333333333333,13,7,6,4
Round 1 Baseline,Jigawa,211,2,Treatment,191,4,.3333333333333333,18,17,10.5,14
Round 1 Baseline,Jigawa,211,3,Treatment,191,4,.3333333333333333,14,7,11.5,5
Round 1 Baseline,Jigawa,219,1,Control,1100,3,.3333333333333333,11,5,9.5,2
Round 1 Baseline,Jigawa,219,2,Control,1100,3,.3333333333333333,12,5,10.5,3
Round 1 Baseline,Jigawa,219,3,Control,1100,3,.3333333333333333,14,9,7.5,0
Round 1 Baseline,Jigawa,219,4,Control,1100,3,.3333333333333333,13,4,7,0
Round 1 Baseline,Jigawa,224,1,Control,1100,3,.3333333333333333,10,9,10.5,6
Round 1 Baseline,Jigawa,224,2,Control,1100,3,.3333333333333333,11,3,9,1
Round 1 Baseline,Jigawa,224,3,Control,1100,3,.3333333333333333,12,1,9.5,1
Round 1 Baseline,Jigawa,224,4,Control,1100,3,.3333333333333333,13,4,8.5,0
Round 1 Baseline,Jigawa,227,1,Control,1100,3,.3333333333333333,12,5,7,3
Round 1 Baseline,Jigawa,227,2,Control,1100,3,.3333333333333333,12,8,10,5
Round 1 Baseline,Jigawa,227,3,Control,1100,3,.3333333333333333,8,0,1,0
Round 1 Baseline,Jigawa,227,4,Control,1100,3,.3333333333333333,8,3,10,4
Round 1 Baseline,Jigawa,228,1,Control,1100,3,.3333333333333333,13,6,1,7
Round 1 Baseline,Jigawa,228,2,Control,1100,3,.3333333333333333,13,0,3,4
Round 1 Baseline,Jigawa,228,3,Control,1100,3,.3333333333333333,8,5,7,0
Round 1 Baseline,Jigawa,228,4,Control,1100,3,.3333333333333333,4,2,0,0
Round 1 Baseline,Jigawa,229,1,Treatment,1101,3,.3333333333333333,17,8,1.5,1
Round 1 Baseline,Jigawa,229,2,Treatment,1101,3,.3333333333333333,14,5,9.5,0
Round 1 Baseline,Jigawa,229,3,Treatment,1101,3,.3333333333333333,16,8,4,12
Round 1 Baseline,Jigawa,229,4,Treatment,1101,3,.3333333333333333,16,4,8.5,0
Round 1 Baseline,Jigawa,232,1,Treatment,1101,3,.3333333333333333,9,5,8,0
Round 1 Baseline,Jigawa,232,2,Treatment,1101,3,.3333333333333333,9,2,8,0
Round 1 Baseline,Jigawa,232,3,Treatment,1101,3,.3333333333333333,17,9,9.5,4
Round 1 Baseline,Jigawa,232,4,Treatment,1101,3,.3333333333333333,11,0,6.5,0
Round 1 Baseline,Jigawa,233,1,Treatment,1101,3,.3333333333333333,16,12,4,12
Round 1 Baseline,Jigawa,233,2,Treatment,1101,3,.3333333333333333,11,1,3.5,0
Round 1 Baseline,Jigawa,233,3,Treatment,1101,3,.3333333333333333,8,0,2.5,3
Round 1 Baseline,Jigawa,233,4,Treatment,1101,3,.3333333333333333,7,5,8.5,0
Round 1 Baseline,Jigawa,239,1,Treatment,1101,3,.3333333333333333,11,4,2,0
Round 1 Baseline,Jigawa,239,2,Treatment,1101,3,.3333333333333333,7,2,9.5,2
Round 1 Baseline,Jigawa,239,3,Treatment,1101,3,.3333333333333333,6,3,7,0
Round 1 Baseline,Jigawa,239,4,Treatment,1101,3,.3333333333333333,12,3,4,2
Round 1 Baseline,Jigawa,242,1,Treatment,1111,4,.3333333333333333,10,5,5.5,2
Round 1 Baseline,Jigawa,242,3,Treatment,1111,4,.3333333333333333,15,0,9,2
Round 1 Baseline,Jigawa,242,4,Treatment,1111,4,.3333333333333333,7,0,1,0
Round 1 Baseline,Jigawa,245,1,Treatment,1111,4,.3333333333333333,9,6,8,2
Round 1 Baseline,Jigawa,245,2,Treatment,1111,4,.3333333333333333,10,6,9.5,9
Round 1 Baseline,Jigawa,245,4,Treatment,1111,4,.3333333333333333,12,7,11.5,12
Round 1 Baseline,Jigawa,248,1,Treatment,1111,3,.3333333333333333,20,0,11,0
Round 1 Baseline,Jigawa,248,2,Treatment,1111,3,.3333333333333333,8,7,12.5,7
Round 1 Baseline,Jigawa,248,3,Treatment,1111,3,.3333333333333333,10,6,9.5,4
Round 1 Baseline,Jigawa,248,4,Treatment,1111,3,.3333333333333333,11,0,12.5,0
Round 1 Baseline,Jigawa,249,1,Treatment,1111,3,.3333333333333333,13,8,10,9
Round 1 Baseline,Jigawa,249,2,Treatment,1111,3,.3333333333333333,13,7,12.5,14
Round 1 Baseline,Jigawa,249,3,Treatment,1111,3,.3333333333333333,11,7,13,9
Round 1 Baseline,Jigawa,249,4,Treatment,1111,3,.3333333333333333,11,6,10.5,7
Round 1 Baseline,Jigawa,253,1,Control,1110,3,.3333333333333333,8,1,7.5,1
Round 1 Baseline,Jigawa,253,2,Control,1110,3,.3333333333333333,20,6,7,3
Round 1 Baseline,Jigawa,253,3,Control,1110,3,.3333333333333333,13,8,12.5,7
Round 1 Baseline,Jigawa,253,4,Control,1110,3,.3333333333333333,9,0,5.5,1
Round 1 Baseline,Jigawa,255,1,Control,1110,4,.3333333333333333,15,6,11,4
Round 1 Baseline,Jigawa,255,2,Control,1110,4,.3333333333333333,8,0,7,3
Round 1 Baseline,Jigawa,255,3,Control,1110,4,.3333333333333333,6,1,3,0
Round 1 Baseline,Jigawa,257,1,Control,1110,4,.3333333333333333,13,6,9,4
Round 1 Baseline,Jigawa,257,2,Control,1110,4,.3333333333333333,15,5,8.5,6
Round 1 Baseline,Jigawa,257,3,Control,1110,4,.3333333333333333,10,5,6,2
Round 1 Baseline,Jigawa,263,1,Control,1110,3,.3333333333333333,14,8,9,3
Round 1 Baseline,Jigawa,263,2,Control,1110,3,.3333333333333333,7,3,4,2
Round 1 Baseline,Jigawa,263,3,Control,1110,3,.3333333333333333,7,5,6,2
Round 1 Baseline,Jigawa,263,4,Control,1110,3,.3333333333333333,13,5,6.5,2
Round 1 Baseline,Jigawa,267,1,Control,1120,3,.3333333333333333,11,1,4,0
Round 1 Baseline,Jigawa,267,2,Control,1120,3,.3333333333333333,11,4,8.5,0
Round 1 Baseline,Jigawa,267,3,Control,1120,3,.3333333333333333,1,0,0,0
Round 1 Baseline,Jigawa,267,4,Control,1120,3,.3333333333333333,3,0,0,0
Round 1 Baseline,Jigawa,268,1,Control,1120,3,.3333333333333333,7,6,.5,0
Round 1 Baseline,Jigawa,268,2,Control,1120,3,.3333333333333333,6,0,2,0
Round 1 Baseline,Jigawa,268,3,Control,1120,3,.3333333333333333,1,0,1,0
Round 1 Baseline,Jigawa,268,4,Control,1120,3,.3333333333333333,6,2,3,0
Round 1 Baseline,Jigawa,269,1,Control,1120,3,.3333333333333333,3,0,.5,0
Round 1 Baseline,Jigawa,269,2,Control,1120,3,.3333333333333333,4,0,0,0
Round 1 Baseline,Jigawa,269,3,Control,1120,3,.3333333333333333,2,0,1,0
Round 1 Baseline,Jigawa,269,4,Control,1120,3,.3333333333333333,0,5,2.5,0
Round 1 Baseline,Jigawa,271,1,Control,1120,3,.3333333333333333,5,0,6,4
Round 1 Baseline,Jigawa,271,2,Control,1120,3,.3333333333333333,6,0,6,0
Round 1 Baseline,Jigawa,271,3,Control,1120,3,.3333333333333333,7,5,5,0
Round 1 Baseline,Jigawa,271,4,Control,1120,3,.3333333333333333,6,2,6,0
Round 1 Baseline,Jigawa,281,1,Treatment,1121,4,.3333333333333333,5,6,2.5,0
Round 1 Baseline,Jigawa,281,3,Treatment,1121,4,.3333333333333333,6,0,5,0
Round 1 Baseline,Jigawa,281,4,Treatment,1121,4,.3333333333333333,7,0,1.5,0
Round 1 Baseline,Jigawa,285,1,Treatment,1121,3,.3333333333333333,6,6,6.5,0
Round 1 Baseline,Jigawa,285,2,Treatment,1121,3,.3333333333333333,11,7,4.5,0
Round 1 Baseline,Jigawa,285,3,Treatment,1121,3,.3333333333333333,11,5,0,1
Round 1 Baseline,Jigawa,285,4,Treatment,1121,3,.3333333333333333,9,8,5.5,3
Round 1 Baseline,Jigawa,287,1,Treatment,1121,4,.3333333333333333,15,5,0,4
Round 1 Baseline,Jigawa,287,2,Treatment,1121,4,.3333333333333333,8,0,0,0
Round 1 Baseline,Jigawa,287,3,Treatment,1121,4,.3333333333333333,7,0,4,0
Round 1 Baseline,Jigawa,288,1,Treatment,1121,6,.3333333333333333,6,5,3,0
Round 1 Baseline,Jigawa,288,4,Treatment,1121,6,.3333333333333333,7,1,0,0
Round 1 Baseline,Jigawa,293,1,Control,1130,2.75,.3636363636363637,13,3,4,0
Round 1 Baseline,Jigawa,293,2,Control,1130,2.75,.3636363636363637,16,9,6,4
Round 1 Baseline,Jigawa,293,3,Control,1130,2.75,.3636363636363637,5,0,2,3
Round 1 Baseline,Jigawa,293,4,Control,1130,2.75,.3636363636363637,15,8,1.5,4
Round 1 Baseline,Jigawa,296,1,Control,1130,3.666666666666667,.3636363636363637,11,2,5,0
Round 1 Baseline,Jigawa,296,3,Control,1130,3.666666666666667,.3636363636363637,10,4,5.5,6
Round 1 Baseline,Jigawa,296,4,Control,1130,3.666666666666667,.3636363636363637,8,1,2.5,0
Round 1 Baseline,Jigawa,297,1,Control,1130,2.75,.3636363636363637,5,5,5.5,2
Round 1 Baseline,Jigawa,297,2,Control,1130,2.75,.3636363636363637,14,9,8.5,3
Round 1 Baseline,Jigawa,297,3,Control,1130,2.75,.3636363636363637,14,8,12,4
Round 1 Baseline,Jigawa,297,4,Control,1130,2.75,.3636363636363637,15,8,11.5,7
Round 1 Baseline,Jigawa,300,1,Control,1130,2.75,.3636363636363637,10,2,5,0
Round 1 Baseline,Jigawa,300,2,Control,1130,2.75,.3636363636363637,15,9,12.5,14
Round 1 Baseline,Jigawa,300,3,Control,1130,2.75,.3636363636363637,12,5,9.5,0
Round 1 Baseline,Jigawa,300,4,Control,1130,2.75,.3636363636363637,12,4,11.5,1
Round 1 Baseline,Jigawa,303,1,Treatment,1131,3,.3333333333333333,14,9,4,0
Round 1 Baseline,Jigawa,303,2,Treatment,1131,3,.3333333333333333,13,8,4,0
Round 1 Baseline,Jigawa,303,3,Treatment,1131,3,.3333333333333333,11,2,6,4
Round 1 Baseline,Jigawa,303,4,Treatment,1131,3,.3333333333333333,8,5,2.5,6
Round 1 Baseline,Jigawa,304,1,Treatment,1131,3,.3333333333333333,4,8,0,1
Round 1 Baseline,Jigawa,304,2,Treatment,1131,3,.3333333333333333,12,3,8.5,0
Round 1 Baseline,Jigawa,304,3,Treatment,1131,3,.3333333333333333,13,6,9.5,3
Round 1 Baseline,Jigawa,304,4,Treatment,1131,3,.3333333333333333,4,5,0,0
Round 1 Baseline,Jigawa,307,1,Treatment,1131,3,.3333333333333333,16,3,12.5,8
Round 1 Baseline,Jigawa,307,2,Treatment,1131,3,.3333333333333333,15,13,14.5,4
Round 1 Baseline,Jigawa,307,3,Treatment,1131,3,.3333333333333333,18,11,16.5,5
Round 1 Baseline,Jigawa,307,4,Treatment,1131,3,.3333333333333333,20,9,16,3
Round 1 Baseline,Jigawa,310,1,Treatment,1131,3,.3333333333333333,9,4,11.5,4
Round 1 Baseline,Jigawa,310,2,Treatment,1131,3,.3333333333333333,8,0,6.5,2
Round 1 Baseline,Jigawa,310,3,Treatment,1131,3,.3333333333333333,9,0,5,0
Round 1 Baseline,Jigawa,310,4,Treatment,1131,3,.3333333333333333,10,6,10,0
Round 1 Baseline,Jigawa,314,1,Treatment,1141,3.666666666666667,.3636363636363637,10,0,2.5,0
Round 1 Baseline,Jigawa,314,3,Treatment,1141,3.666666666666667,.3636363636363637,16,6,12,0
Round 1 Baseline,Jigawa,314,4,Treatment,1141,3.666666666666667,.3636363636363637,7,2,9.5,0
Round 1 Baseline,Jigawa,316,1,Treatment,1141,2.75,.3636363636363637,15,5,6,4
Round 1 Baseline,Jigawa,316,2,Treatment,1141,2.75,.3636363636363637,15,3,8.5,4
Round 1 Baseline,Jigawa,316,3,Treatment,1141,2.75,.3636363636363637,3,0,8.5,0
Round 1 Baseline,Jigawa,316,4,Treatment,1141,2.75,.3636363636363637,15,2,6.5,4
Round 1 Baseline,Jigawa,321,1,Treatment,1141,2.75,.3636363636363637,9,0,4,0
Round 1 Baseline,Jigawa,321,2,Treatment,1141,2.75,.3636363636363637,8,2,3.5,0
Round 1 Baseline,Jigawa,321,3,Treatment,1141,2.75,.3636363636363637,8,2,5.5,0
Round 1 Baseline,Jigawa,321,4,Treatment,1141,2.75,.3636363636363637,7,0,1.5,0
Round 1 Baseline,Jigawa,324,1,Treatment,1141,3.666666666666667,.3636363636363637,4,1,8.5,1
Round 1 Baseline,Jigawa,324,2,Treatment,1141,3.666666666666667,.3636363636363637,16,6,10.5,5
Round 1 Baseline,Jigawa,324,4,Treatment,1141,3.666666666666667,.3636363636363637,5,1,5,0
Round 1 Baseline,Jigawa,325,1,Control,1140,3,.3333333333333333,18,6,7,7
Round 1 Baseline,Jigawa,325,2,Control,1140,3,.3333333333333333,4,5,7.5,5
Round 1 Baseline,Jigawa,325,3,Control,1140,3,.3333333333333333,9,0,2,0
Round 1 Baseline,Jigawa,325,4,Control,1140,3,.3333333333333333,3,2,4.5,0
Round 1 Baseline,Jigawa,327,1,Control,1140,3,.3333333333333333,6,0,2.5,0
Round 1 Baseline,Jigawa,327,2,Control,1140,3,.3333333333333333,7,0,2,0
Round 1 Baseline,Jigawa,327,3,Control,1140,3,.3333333333333333,13,0,3.5,0
Round 1 Baseline,Jigawa,327,4,Control,1140,3,.3333333333333333,11,0,4.5,0
Round 1 Baseline,Jigawa,330,1,Control,1140,3,.3333333333333333,10,7,9.5,0
Round 1 Baseline,Jigawa,330,2,Control,1140,3,.3333333333333333,16,6,11,0
Round 1 Baseline,Jigawa,330,3,Control,1140,3,.3333333333333333,11,5,8,3
Round 1 Baseline,Jigawa,330,4,Control,1140,3,.3333333333333333,6,2,7.5,0
Round 1 Baseline,Jigawa,332,1,Control,1140,4,.3333333333333333,11,6,4,0
Round 1 Baseline,Jigawa,332,3,Control,1140,4,.3333333333333333,6,4,2,0
Round 1 Baseline,Jigawa,332,4,Control,1140,4,.3333333333333333,11,6,12,0
Round 1 Baseline,Katsina,337,1,Control,210,6,.3333333333333333,7,5,2,3
Round 1 Baseline,Katsina,337,2,Control,210,6,.3333333333333333,19,9,14.5,4
Round 1 Baseline,Katsina,340,1,Control,210,3,.3333333333333333,7,4,5.5,0
Round 1 Baseline,Katsina,340,2,Control,210,3,.3333333333333333,12,0,4.5,6
Round 1 Baseline,Katsina,340,3,Control,210,3,.3333333333333333,15,6,13.5,2
Round 1 Baseline,Katsina,340,4,Control,210,3,.3333333333333333,16,8,7,5
Round 1 Baseline,Katsina,344,2,Control,210,6,.3333333333333333,11,7,6.5,2
Round 1 Baseline,Katsina,344,3,Control,210,6,.3333333333333333,6,4,8.5,0
Round 1 Baseline,Katsina,347,1,Control,210,4,.3333333333333333,16,4,11,4
Round 1 Baseline,Katsina,347,2,Control,210,4,.3333333333333333,11,9,12,2
Round 1 Baseline,Katsina,347,3,Control,210,4,.3333333333333333,20,6,10.5,6
Round 1 Baseline,Katsina,352,1,Treatment,211,3,.3333333333333333,10,5,9,3
Round 1 Baseline,Katsina,352,2,Treatment,211,3,.3333333333333333,15,5,10.5,4
Round 1 Baseline,Katsina,352,3,Treatment,211,3,.3333333333333333,2,5,5,0
Round 1 Baseline,Katsina,352,4,Treatment,211,3,.3333333333333333,16,9,18,6
Round 1 Baseline,Katsina,355,1,Treatment,211,3,.3333333333333333,18,8,13,3
Round 1 Baseline,Katsina,355,2,Treatment,211,3,.3333333333333333,6,6,4.5,1
Round 1 Baseline,Katsina,355,3,Treatment,211,3,.3333333333333333,3,6,5.5,0
Round 1 Baseline,Katsina,355,4,Treatment,211,3,.3333333333333333,11,6,3.5,1
Round 1 Baseline,Katsina,356,1,Treatment,211,3,.3333333333333333,1,6,12,4
Round 1 Baseline,Katsina,356,2,Treatment,211,3,.3333333333333333,6,7,11.5,4
Round 1 Baseline,Katsina,356,3,Treatment,211,3,.3333333333333333,17,11,13.5,2
Round 1 Baseline,Katsina,356,4,Treatment,211,3,.3333333333333333,9,7,10.5,4
Round 1 Baseline,Katsina,357,1,Treatment,211,3,.3333333333333333,7,0,0,5
Round 1 Baseline,Katsina,357,2,Treatment,211,3,.3333333333333333,19,6,8,6
Round 1 Baseline,Katsina,357,3,Treatment,211,3,.3333333333333333,15,8,2,11
Round 1 Baseline,Katsina,357,4,Treatment,211,3,.3333333333333333,11,5,0,3
Round 1 Baseline,Katsina,361,1,Control,220,3,.3333333333333333,10,6,11,0
Round 1 Baseline,Katsina,361,2,Control,220,3,.3333333333333333,14,4,4.5,10
Round 1 Baseline,Katsina,361,3,Control,220,3,.3333333333333333,5,2,0,0
Round 1 Baseline,Katsina,361,4,Control,220,3,.3333333333333333,3,7,10,7
Round 1 Baseline,Katsina,362,1,Control,220,3,.3333333333333333,8,2,3.5,4
Round 1 Baseline,Katsina,362,2,Control,220,3,.3333333333333333,1,5,4.5,0
Round 1 Baseline,Katsina,362,3,Control,220,3,.3333333333333333,11,0,10,2
Round 1 Baseline,Katsina,362,4,Control,220,3,.3333333333333333,5,4,5,0
Round 1 Baseline,Katsina,369,1,Control,220,3,.3333333333333333,14,5,2.5,5
Round 1 Baseline,Katsina,369,2,Control,220,3,.3333333333333333,11,5,10,5
Round 1 Baseline,Katsina,369,3,Control,220,3,.3333333333333333,7,7,0,3
Round 1 Baseline,Katsina,369,4,Control,220,3,.3333333333333333,12,12,5.5,3
Round 1 Baseline,Katsina,372,1,Control,220,4,.3333333333333333,3,0,3,0
Round 1 Baseline,Katsina,372,2,Control,220,4,.3333333333333333,14,9,0,4
Round 1 Baseline,Katsina,372,3,Control,220,4,.3333333333333333,15,5,3.5,4
Round 1 Baseline,Katsina,375,1,Treatment,221,3,.3333333333333333,11,4,7,6
Round 1 Baseline,Katsina,375,2,Treatment,221,3,.3333333333333333,14,10,4,10
Round 1 Baseline,Katsina,375,3,Treatment,221,3,.3333333333333333,6,8,7.5,0
Round 1 Baseline,Katsina,375,4,Treatment,221,3,.3333333333333333,13,6,5,0
Round 1 Baseline,Katsina,376,1,Treatment,221,3,.3333333333333333,17,9,20,12
Round 1 Baseline,Katsina,376,2,Treatment,221,3,.3333333333333333,13,5,4,4
Round 1 Baseline,Katsina,376,3,Treatment,221,3,.3333333333333333,5,8,14,8
Round 1 Baseline,Katsina,376,4,Treatment,221,3,.3333333333333333,14,14,10,11
Round 1 Baseline,Katsina,378,1,Treatment,221,4,.3333333333333333,11,11,11.5,10
Round 1 Baseline,Katsina,378,2,Treatment,221,4,.3333333333333333,16,6,0,4
Round 1 Baseline,Katsina,378,3,Treatment,221,4,.3333333333333333,6,6,0,0
Round 1 Baseline,Katsina,379,1,Treatment,221,3,.3333333333333333,10,7,2.5,4
Round 1 Baseline,Katsina,379,2,Treatment,221,3,.3333333333333333,6,7,0,5
Round 1 Baseline,Katsina,379,3,Treatment,221,3,.3333333333333333,15,16,2.5,9
Round 1 Baseline,Katsina,379,4,Treatment,221,3,.3333333333333333,8,4,3.5,0
Round 1 Baseline,Katsina,388,1,Control,230,3,.3333333333333333,16,7,10.5,4
Round 1 Baseline,Katsina,388,2,Control,230,3,.3333333333333333,12,3,8,0
Round 1 Baseline,Katsina,388,3,Control,230,3,.3333333333333333,16,5,10.5,6
Round 1 Baseline,Katsina,388,4,Control,230,3,.3333333333333333,14,10,15,15
Round 1 Baseline,Katsina,389,1,Control,230,3,.3333333333333333,15,10,8,10
Round 1 Baseline,Katsina,389,2,Control,230,3,.3333333333333333,13,0,11,3
Round 1 Baseline,Katsina,389,3,Control,230,3,.3333333333333333,17,12,16.5,17
Round 1 Baseline,Katsina,389,4,Control,230,3,.3333333333333333,17,6,16,3
Round 1 Baseline,Katsina,391,1,Control,230,3,.3333333333333333,22,0,13,4
Round 1 Baseline,Katsina,391,2,Control,230,3,.3333333333333333,12,5,12.5,0
Round 1 Baseline,Katsina,391,3,Control,230,3,.3333333333333333,15,7,13,0
Round 1 Baseline,Katsina,391,4,Control,230,3,.3333333333333333,14,3,10.5,0
Round 1 Baseline,Katsina,395,1,Control,230,3,.3333333333333333,13,8,5.5,7
Round 1 Baseline,Katsina,395,2,Control,230,3,.3333333333333333,7,3,5.5,0
Round 1 Baseline,Katsina,395,3,Control,230,3,.3333333333333333,13,4,11.5,5
Round 1 Baseline,Katsina,395,4,Control,230,3,.3333333333333333,19,3,11.5,6
Round 1 Baseline,Katsina,398,1,Treatment,231,3,.3333333333333333,12,8,17,6
Round 1 Baseline,Katsina,398,2,Treatment,231,3,.3333333333333333,9,3,13.5,5
Round 1 Baseline,Katsina,398,3,Treatment,231,3,.3333333333333333,13,4,13,10
Round 1 Baseline,Katsina,398,4,Treatment,231,3,.3333333333333333,10,1,9.5,3
Round 1 Baseline,Katsina,401,1,Treatment,231,3,.3333333333333333,10,7,12,3
Round 1 Baseline,Katsina,401,2,Treatment,231,3,.3333333333333333,14,7,12.5,8
Round 1 Baseline,Katsina,401,3,Treatment,231,3,.3333333333333333,14,4,13.5,4
Round 1 Baseline,Katsina,401,4,Treatment,231,3,.3333333333333333,9,5,10.5,2
Round 1 Baseline,Katsina,407,1,Treatment,231,3,.3333333333333333,18,6,10,4
Round 1 Baseline,Katsina,407,2,Treatment,231,3,.3333333333333333,4,2,4,1
Round 1 Baseline,Katsina,407,3,Treatment,231,3,.3333333333333333,8,8,5.5,9
Round 1 Baseline,Katsina,407,4,Treatment,231,3,.3333333333333333,18,0,10,3
Round 1 Baseline,Katsina,408,1,Treatment,231,3,.3333333333333333,12,5,21,5
Round 1 Baseline,Katsina,408,2,Treatment,231,3,.3333333333333333,10,7,12.5,3
Round 1 Baseline,Katsina,408,3,Treatment,231,3,.3333333333333333,12,6,3.5,0
Round 1 Baseline,Katsina,408,4,Treatment,231,3,.3333333333333333,13,1,7.5,6
Round 1 Baseline,Katsina,412,1,Treatment,241,2.75,.3636363636363637,18,5,1.5,5
Round 1 Baseline,Katsina,412,2,Treatment,241,2.75,.3636363636363637,10,7,0,3
Round 1 Baseline,Katsina,412,3,Treatment,241,2.75,.3636363636363637,17,7,1,3
Round 1 Baseline,Katsina,412,4,Treatment,241,2.75,.3636363636363637,17,8,14.5,18
Round 1 Baseline,Katsina,413,1,Treatment,241,11,.3636363636363637,22,9,9,16
Round 1 Baseline,Katsina,414,1,Treatment,241,2.75,.3636363636363637,12,10,4,14
Round 1 Baseline,Katsina,414,2,Treatment,241,2.75,.3636363636363637,11,0,6.5,2
Round 1 Baseline,Katsina,414,3,Treatment,241,2.75,.3636363636363637,13,3,8.5,8
Round 1 Baseline,Katsina,414,4,Treatment,241,2.75,.3636363636363637,12,4,3,3
Round 1 Baseline,Katsina,416,1,Treatment,241,2.75,.3636363636363637,17,5,14,9
Round 1 Baseline,Katsina,416,2,Treatment,241,2.75,.3636363636363637,6,7,5.5,1
Round 1 Baseline,Katsina,416,3,Treatment,241,2.75,.3636363636363637,7,7,7,2
Round 1 Baseline,Katsina,416,4,Treatment,241,2.75,.3636363636363637,12,0,4.5,3
Round 1 Baseline,Katsina,422,1,Control,240,2.75,.3636363636363637,12,9,9.5,8
Round 1 Baseline,Katsina,422,2,Control,240,2.75,.3636363636363637,21,15,13.5,19
Round 1 Baseline,Katsina,422,3,Control,240,2.75,.3636363636363637,19,10,19,18
Round 1 Baseline,Katsina,422,4,Control,240,2.75,.3636363636363637,19,2,5.5,4
Round 1 Baseline,Katsina,424,1,Control,240,5.5,.3636363636363637,21,10,9,16
Round 1 Baseline,Katsina,424,2,Control,240,5.5,.3636363636363637,21,12,13,17
Round 1 Baseline,Katsina,427,1,Control,240,2.75,.3636363636363637,18,12,4.5,9
Round 1 Baseline,Katsina,427,2,Control,240,2.75,.3636363636363637,20,11,14,5
Round 1 Baseline,Katsina,427,3,Control,240,2.75,.3636363636363637,6,5,8.5,2
Round 1 Baseline,Katsina,427,4,Control,240,2.75,.3636363636363637,21,20,18.5,18
Round 1 Baseline,Katsina,432,1,Control,240,2.75,.3636363636363637,19,12,9.5,4
Round 1 Baseline,Katsina,432,2,Control,240,2.75,.3636363636363637,18,15,10.5,10
Round 1 Baseline,Katsina,432,3,Control,240,2.75,.3636363636363637,17,8,7.5,7
Round 1 Baseline,Katsina,432,4,Control,240,2.75,.3636363636363637,19,10,11.5,6
Round 1 Baseline,Katsina,437,1,Control,250,3,.3333333333333333,16,5,6,0
Round 1 Baseline,Katsina,437,2,Control,250,3,.3333333333333333,16,6,1,4
Round 1 Baseline,Katsina,437,3,Control,250,3,.3333333333333333,13,7,3.5,0
Round 1 Baseline,Katsina,437,4,Control,250,3,.3333333333333333,12,4,1,0
Round 1 Baseline,Katsina,439,1,Control,250,3,.3333333333333333,10,5,8.5,4
Round 1 Baseline,Katsina,439,2,Control,250,3,.3333333333333333,17,9,8,11
Round 1 Baseline,Katsina,439,3,Control,250,3,.3333333333333333,14,11,5,0
Round 1 Baseline,Katsina,439,4,Control,250,3,.3333333333333333,15,4,0,4
Round 1 Baseline,Katsina,441,1,Control,250,3,.3333333333333333,20,12,6.5,6
Round 1 Baseline,Katsina,441,2,Control,250,3,.3333333333333333,11,5,0,0
Round 1 Baseline,Katsina,441,3,Control,250,3,.3333333333333333,13,7,4,2
Round 1 Baseline,Katsina,441,4,Control,250,3,.3333333333333333,13,5,0,0
Round 1 Baseline,Katsina,443,1,Control,250,3,.3333333333333333,13,1,9.5,8
Round 1 Baseline,Katsina,443,2,Control,250,3,.3333333333333333,1,2,2.5,0
Round 1 Baseline,Katsina,443,3,Control,250,3,.3333333333333333,10,9,6.5,5
Round 1 Baseline,Katsina,443,4,Control,250,3,.3333333333333333,1,1,3.5,2
Round 1 Baseline,Katsina,448,1,Treatment,251,4,.25,18,10,3,13
Round 1 Baseline,Katsina,448,2,Treatment,251,4,.25,19,12,7,18
Round 1 Baseline,Katsina,448,3,Treatment,251,4,.25,16,4,1,0
Round 1 Baseline,Katsina,448,4,Treatment,251,4,.25,21,23,17.5,18
Round 1 Baseline,Katsina,450,1,Treatment,251,4,.25,12,1,2.5,2
Round 1 Baseline,Katsina,450,2,Treatment,251,4,.25,4,8,5,8
Round 1 Baseline,Katsina,450,3,Treatment,251,4,.25,7,0,0,0
Round 1 Baseline,Katsina,450,4,Treatment,251,4,.25,9,4,4.5,0
Round 1 Baseline,Katsina,455,1,Treatment,251,4,.25,12,11,2.5,1
Round 1 Baseline,Katsina,455,2,Treatment,251,4,.25,12,3,5.5,0
Round 1 Baseline,Katsina,455,3,Treatment,251,4,.25,10,2,0,0
Round 1 Baseline,Katsina,455,4,Treatment,251,4,.25,11,0,1,0
Round 1 Baseline,Katsina,461,1,Treatment,261,3,.3333333333333333,13,10,9,3
Round 1 Baseline,Katsina,461,2,Treatment,261,3,.3333333333333333,8,7,7,2
Round 1 Baseline,Katsina,461,3,Treatment,261,3,.3333333333333333,4,4,0,4
Round 1 Baseline,Katsina,461,4,Treatment,261,3,.3333333333333333,12,4,3,4
Round 1 Baseline,Katsina,462,1,Treatment,261,3,.3333333333333333,7,3,6.5,6
Round 1 Baseline,Katsina,462,2,Treatment,261,3,.3333333333333333,4,1,.5,0
Round 1 Baseline,Katsina,462,3,Treatment,261,3,.3333333333333333,13,7,3,4
Round 1 Baseline,Katsina,462,4,Treatment,261,3,.3333333333333333,20,10,4,16
Round 1 Baseline,Katsina,464,1,Treatment,261,12,.3333333333333333,10,4,5.5,2
Round 1 Baseline,Katsina,465,1,Treatment,261,3,.3333333333333333,9,8,2,12
Round 1 Baseline,Katsina,465,2,Treatment,261,3,.3333333333333333,13,8,2.5,6
Round 1 Baseline,Katsina,465,3,Treatment,261,3,.3333333333333333,15,7,7,4
Round 1 Baseline,Katsina,465,4,Treatment,261,3,.3333333333333333,20,7,6,10
Round 1 Baseline,Katsina,471,1,Control,260,3,.3333333333333333,6,5,3,5
Round 1 Baseline,Katsina,471,2,Control,260,3,.3333333333333333,13,0,10.5,3
Round 1 Baseline,Katsina,471,3,Control,260,3,.3333333333333333,6,5,7,1
Round 1 Baseline,Katsina,471,4,Control,260,3,.3333333333333333,5,0,7.5,12
Round 1 Baseline,Katsina,472,1,Control,260,3,.3333333333333333,7,14,17,10
Round 1 Baseline,Katsina,472,2,Control,260,3,.3333333333333333,13,7,10.5,0
Round 1 Baseline,Katsina,472,3,Control,260,3,.3333333333333333,7,0,0,0
Round 1 Baseline,Katsina,472,4,Control,260,3,.3333333333333333,14,9,11.5,4
Round 1 Baseline,Katsina,473,1,Control,260,3,.3333333333333333,5,13,4,7
Round 1 Baseline,Katsina,473,2,Control,260,3,.3333333333333333,3,4,1.5,0
Round 1 Baseline,Katsina,473,3,Control,260,3,.3333333333333333,10,3,10,0
Round 1 Baseline,Katsina,473,4,Control,260,3,.3333333333333333,5,0,0,2
Round 1 Baseline,Katsina,478,1,Control,260,3,.3333333333333333,14,7,3,5
Round 1 Baseline,Katsina,478,2,Control,260,3,.3333333333333333,12,7,4,6
Round 1 Baseline,Katsina,478,3,Control,260,3,.3333333333333333,10,1,4,0
Round 1 Baseline,Katsina,478,4,Control,260,3,.3333333333333333,7,5,4.5,6
Round 1 Baseline,Katsina,481,1,Treatment,271,3,.3333333333333333,22,7,15,12
Round 1 Baseline,Katsina,481,2,Treatment,271,3,.3333333333333333,22,7,17.5,9
Round 1 Baseline,Katsina,481,3,Treatment,271,3,.3333333333333333,17,6,16,5
Round 1 Baseline,Katsina,481,4,Treatment,271,3,.3333333333333333,18,6,17.5,6
Round 1 Baseline,Katsina,484,1,Treatment,271,3,.3333333333333333,20,5,7,4
Round 1 Baseline,Katsina,484,2,Treatment,271,3,.3333333333333333,20,5,9,4
Round 1 Baseline,Katsina,484,3,Treatment,271,3,.3333333333333333,13,5,10.5,5
Round 1 Baseline,Katsina,484,4,Treatment,271,3,.3333333333333333,14,5,9.5,5
Round 1 Baseline,Katsina,486,1,Treatment,271,3,.3333333333333333,8,0,3.5,0
Round 1 Baseline,Katsina,486,2,Treatment,271,3,.3333333333333333,12,1,5,0
Round 1 Baseline,Katsina,486,3,Treatment,271,3,.3333333333333333,7,0,5,0
Round 1 Baseline,Katsina,486,4,Treatment,271,3,.3333333333333333,10,3,5,0
Round 1 Baseline,Katsina,491,1,Treatment,271,3,.3333333333333333,18,8,7,0
Round 1 Baseline,Katsina,491,2,Treatment,271,3,.3333333333333333,20,8,8.5,0
Round 1 Baseline,Katsina,491,3,Treatment,271,3,.3333333333333333,8,0,10.5,6
Round 1 Baseline,Katsina,491,4,Treatment,271,3,.3333333333333333,15,12,11.5,0
Round 1 Baseline,Katsina,494,1,Control,270,3,.3333333333333333,20,6,13,4
Round 1 Baseline,Katsina,494,2,Control,270,3,.3333333333333333,20,6,9.5,2
Round 1 Baseline,Katsina,494,3,Control,270,3,.3333333333333333,20,5,11.5,4
Round 1 Baseline,Katsina,494,4,Control,270,3,.3333333333333333,21,6,9.5,4
Round 1 Baseline,Katsina,497,1,Control,270,3,.3333333333333333,19,7,15,7
Round 1 Baseline,Katsina,497,2,Control,270,3,.3333333333333333,15,7,17.5,4
Round 1 Baseline,Katsina,497,3,Control,270,3,.3333333333333333,11,6,10.5,10
Round 1 Baseline,Katsina,497,4,Control,270,3,.3333333333333333,18,3,15.5,5
Round 1 Baseline,Katsina,502,1,Control,270,3,.3333333333333333,15,9,12,9
Round 1 Baseline,Katsina,502,2,Control,270,3,.3333333333333333,16,12,2.5,4
Round 1 Baseline,Katsina,502,3,Control,270,3,.3333333333333333,12,4,8.5,4
Round 1 Baseline,Katsina,502,4,Control,270,3,.3333333333333333,13,5,1,0
Round 1 Baseline,Katsina,503,1,Control,270,3,.3333333333333333,10,6,4,0
Round 1 Baseline,Katsina,503,2,Control,270,3,.3333333333333333,13,5,7.5,2
Round 1 Baseline,Katsina,503,3,Control,270,3,.3333333333333333,16,7,7.5,5
Round 1 Baseline,Katsina,503,4,Control,270,3,.3333333333333333,16,8,7.5,4
Round 1 Baseline,Katsina,505,2,Treatment,281,4,.3333333333333333,7,7,1.5,9
Round 1 Baseline,Katsina,505,3,Treatment,281,4,.3333333333333333,14,6,6,1
Round 1 Baseline,Katsina,505,4,Treatment,281,4,.3333333333333333,14,5,3.5,1
Round 1 Baseline,Katsina,509,1,Treatment,281,3,.3333333333333333,9,11,14.5,5
Round 1 Baseline,Katsina,509,2,Treatment,281,3,.3333333333333333,10,11,5.5,3
Round 1 Baseline,Katsina,509,3,Treatment,281,3,.3333333333333333,6,6,6.5,1
Round 1 Baseline,Katsina,509,4,Treatment,281,3,.3333333333333333,8,9,8.5,3
Round 1 Baseline,Katsina,511,1,Treatment,281,3,.3333333333333333,5,6,8,1
Round 1 Baseline,Katsina,511,2,Treatment,281,3,.3333333333333333,8,1,0,0
Round 1 Baseline,Katsina,511,3,Treatment,281,3,.3333333333333333,16,10,8.5,7
Round 1 Baseline,Katsina,511,4,Treatment,281,3,.3333333333333333,5,5,2,1
Round 1 Baseline,Katsina,516,1,Treatment,281,3,.3333333333333333,7,6,6,0
Round 1 Baseline,Katsina,516,2,Treatment,281,3,.3333333333333333,11,7,7.5,5
Round 1 Baseline,Katsina,516,3,Treatment,281,3,.3333333333333333,7,4,3,0
Round 1 Baseline,Katsina,516,4,Treatment,281,3,.3333333333333333,10,1,6.5,0
Round 1 Baseline,Katsina,517,1,Control,280,3,.3333333333333333,18,6,5,1
Round 1 Baseline,Katsina,517,2,Control,280,3,.3333333333333333,7,2,2.5,1
Round 1 Baseline,Katsina,517,3,Control,280,3,.3333333333333333,11,6,2,1
Round 1 Baseline,Katsina,517,4,Control,280,3,.3333333333333333,13,1,2,1
Round 1 Baseline,Katsina,519,1,Control,280,3,.3333333333333333,16,11,9,7
Round 1 Baseline,Katsina,519,2,Control,280,3,.3333333333333333,11,6,7,5
Round 1 Baseline,Katsina,519,3,Control,280,3,.3333333333333333,3,4,3,0
Round 1 Baseline,Katsina,519,4,Control,280,3,.3333333333333333,11,5,4,7
Round 1 Baseline,Katsina,522,1,Control,280,3,.3333333333333333,5,0,0,0
Round 1 Baseline,Katsina,522,2,Control,280,3,.3333333333333333,16,6,3,8
Round 1 Baseline,Katsina,522,3,Control,280,3,.3333333333333333,8,4,1.5,0
Round 1 Baseline,Katsina,522,4,Control,280,3,.3333333333333333,11,6,4.5,2
Round 1 Baseline,Katsina,525,1,Control,280,3,.3333333333333333,6,11,6,6
Round 1 Baseline,Katsina,525,2,Control,280,3,.3333333333333333,7,4,1.5,1
Round 1 Baseline,Katsina,525,3,Control,280,3,.3333333333333333,14,10,10.5,5
Round 1 Baseline,Katsina,525,4,Control,280,3,.3333333333333333,5,8,3.5,0
Round 1 Baseline,Katsina,530,1,Control,290,1,1,10,8,4.5,3
Round 1 Baseline,Katsina,530,2,Control,290,1,1,18,5,8,4
Round 1 Baseline,Katsina,530,3,Control,290,1,1,12,6,6.5,9
Round 1 Baseline,Katsina,530,4,Control,290,1,1,8,6,8,6
Round 1 Baseline,Katsina,533,1,Control,290,1,1,7,10,14.5,7
Round 1 Baseline,Katsina,533,2,Control,290,1,1,11,11,21,8
Round 1 Baseline,Katsina,533,3,Control,290,1,1,6,2,1.5,6
Round 1 Baseline,Katsina,533,4,Control,290,1,1,3,9,6.5,4
Round 1 Baseline,Katsina,535,1,Control,290,1,1,13,9,10,6
Round 1 Baseline,Katsina,535,2,Control,290,1,1,7,6,3,4
Round 1 Baseline,Katsina,535,3,Control,290,1,1,7,9,2.5,12
Round 1 Baseline,Katsina,535,4,Control,290,1,1,10,17,11,11
Round 1 Baseline,Katsina,543,1,Treatment,291,3,.3333333333333333,8,10,7.5,0
Round 1 Baseline,Katsina,543,2,Treatment,291,3,.3333333333333333,19,12,9.5,17
Round 1 Baseline,Katsina,543,3,Treatment,291,3,.3333333333333333,4,8,7.5,0
Round 1 Baseline,Katsina,543,4,Treatment,291,3,.3333333333333333,9,4,2.5,0
Round 1 Baseline,Katsina,544,1,Treatment,291,3,.3333333333333333,17,7,11,12
Round 1 Baseline,Katsina,544,2,Treatment,291,3,.3333333333333333,14,7,0,5
Round 1 Baseline,Katsina,544,3,Treatment,291,3,.3333333333333333,8,14,11,11
Round 1 Baseline,Katsina,544,4,Treatment,291,3,.3333333333333333,19,5,6,4
Round 1 Baseline,Katsina,546,1,Treatment,291,3,.3333333333333333,9,12,10,15
Round 1 Baseline,Katsina,546,2,Treatment,291,3,.3333333333333333,11,9,9,11
Round 1 Baseline,Katsina,546,3,Treatment,291,3,.3333333333333333,4,4,11,0
Round 1 Baseline,Katsina,546,4,Treatment,291,3,.3333333333333333,6,4,11.5,0
Round 1 Baseline,Katsina,547,1,Treatment,291,3,.3333333333333333,9,7,11,7
Round 1 Baseline,Katsina,547,2,Treatment,291,3,.3333333333333333,12,14,15,14
Round 1 Baseline,Katsina,547,3,Treatment,291,3,.3333333333333333,18,12,10.5,12
Round 1 Baseline,Katsina,547,4,Treatment,291,3,.3333333333333333,11,3,10,4
Round 1 Baseline,Katsina,554,1,Treatment,2101,2.5,.4,13,10,12.5,10
Round 1 Baseline,Katsina,554,2,Treatment,2101,2.5,.4,20,10,10,9
Round 1 Baseline,Katsina,554,3,Treatment,2101,2.5,.4,9,11,10,6
Round 1 Baseline,Katsina,554,4,Treatment,2101,2.5,.4,21,11,16,11
Round 1 Baseline,Katsina,558,1,Treatment,2101,2.5,.4,22,10,14.5,11
Round 1 Baseline,Katsina,558,2,Treatment,2101,2.5,.4,21,11,11.5,5
Round 1 Baseline,Katsina,558,3,Treatment,2101,2.5,.4,23,15,23,19
Round 1 Baseline,Katsina,558,4,Treatment,2101,2.5,.4,23,7,17.5,14
Round 1 Baseline,Katsina,563,1,Treatment,2101,2.5,.4,15,7,7,14
Round 1 Baseline,Katsina,563,2,Treatment,2101,2.5,.4,16,9,16.5,6
Round 1 Baseline,Katsina,563,3,Treatment,2101,2.5,.4,15,9,12,14
Round 1 Baseline,Katsina,563,4,Treatment,2101,2.5,.4,13,9,17.5,3
Round 1 Baseline,Katsina,564,2,Treatment,2101,5,.4,11,2,16.5,2
Round 1 Baseline,Katsina,564,4,Treatment,2101,5,.4,8,2,14.5,1
Round 1 Baseline,Katsina,566,4,Control,2100,10,.4,6,3,16,6
Round 1 Baseline,Katsina,568,1,Control,2100,2.5,.4,10,10,6.5,4
Round 1 Baseline,Katsina,568,2,Control,2100,2.5,.4,8,8,5.5,9
Round 1 Baseline,Katsina,568,3,Control,2100,2.5,.4,2,0,.5,4
Round 1 Baseline,Katsina,568,4,Control,2100,2.5,.4,7,14,4.5,4
Round 1 Baseline,Katsina,569,1,Control,2100,2.5,.4,13,9,8.5,4
Round 1 Baseline,Katsina,569,2,Control,2100,2.5,.4,15,9,8,4
Round 1 Baseline,Katsina,569,3,Control,2100,2.5,.4,11,6,8.5,4
Round 1 Baseline,Katsina,569,4,Control,2100,2.5,.4,11,4,8,4
Round 1 Baseline,Katsina,574,1,Control,2100,10,.4,16,9,17.5,10
Round 1 Baseline,Katsina,578,1,Control,2110,3,.3333333333333333,17,8,8,6
Round 1 Baseline,Katsina,578,2,Control,2110,3,.3333333333333333,9,14,5.5,4
Round 1 Baseline,Katsina,578,3,Control,2110,3,.3333333333333333,13,11,0,1
Round 1 Baseline,Katsina,578,4,Control,2110,3,.3333333333333333,14,11,10.5,0
Round 1 Baseline,Katsina,581,1,Control,2110,3,.3333333333333333,21,9,7,15
Round 1 Baseline,Katsina,581,2,Control,2110,3,.3333333333333333,19,7,13.5,4
Round 1 Baseline,Katsina,581,3,Control,2110,3,.3333333333333333,19,7,5,4
Round 1 Baseline,Katsina,581,4,Control,2110,3,.3333333333333333,17,11,8,8
Round 1 Baseline,Katsina,584,2,Control,2110,4,.3333333333333333,16,2,11,8
Round 1 Baseline,Katsina,584,3,Control,2110,4,.3333333333333333,4,4,5,0
Round 1 Baseline,Katsina,584,4,Control,2110,4,.3333333333333333,10,7,5,0
Round 1 Baseline,Katsina,585,1,Control,2110,3,.3333333333333333,19,1,0,5
Round 1 Baseline,Katsina,585,2,Control,2110,3,.3333333333333333,24,9,11.5,9
Round 1 Baseline,Katsina,585,3,Control,2110,3,.3333333333333333,18,12,7,0
Round 1 Baseline,Katsina,585,4,Control,2110,3,.3333333333333333,13,13,5,2
Round 1 Baseline,Katsina,589,1,Treatment,2111,3,.3333333333333333,13,3,2.5,0
Round 1 Baseline,Katsina,589,2,Treatment,2111,3,.3333333333333333,11,5,2.5,2
Round 1 Baseline,Katsina,589,3,Treatment,2111,3,.3333333333333333,15,9,8,3
Round 1 Baseline,Katsina,589,4,Treatment,2111,3,.3333333333333333,10,7,1,12
Round 1 Baseline,Katsina,591,1,Treatment,2111,3,.3333333333333333,12,8,3.5,4
Round 1 Baseline,Katsina,591,2,Treatment,2111,3,.3333333333333333,16,9,10,7
Round 1 Baseline,Katsina,591,3,Treatment,2111,3,.3333333333333333,7,6,2.5,0
Round 1 Baseline,Katsina,591,4,Treatment,2111,3,.3333333333333333,11,3,6.5,2
Round 1 Baseline,Katsina,593,1,Treatment,2111,3,.3333333333333333,16,16,0,17
Round 1 Baseline,Katsina,593,2,Treatment,2111,3,.3333333333333333,18,7,5.5,7
Round 1 Baseline,Katsina,593,3,Treatment,2111,3,.3333333333333333,8,6,2,0
Round 1 Baseline,Katsina,593,4,Treatment,2111,3,.3333333333333333,5,7,6.5,4
Round 1 Baseline,Katsina,595,1,Treatment,2111,3,.3333333333333333,11,2,5,4
Round 1 Baseline,Katsina,595,2,Treatment,2111,3,.3333333333333333,9,8,9,6
Round 1 Baseline,Katsina,595,3,Treatment,2111,3,.3333333333333333,7,5,1,3
Round 1 Baseline,Katsina,595,4,Treatment,2111,3,.3333333333333333,15,10,10.5,16
Round 1 Baseline,Katsina,602,1,Control,2120,2.75,.3636363636363637,12,2,10,11
Round 1 Baseline,Katsina,602,2,Control,2120,2.75,.3636363636363637,21,7,18,8
Round 1 Baseline,Katsina,602,3,Control,2120,2.75,.3636363636363637,17,2,11,4
Round 1 Baseline,Katsina,602,4,Control,2120,2.75,.3636363636363637,9,6,10.5,0
Round 1 Baseline,Katsina,603,1,Control,2120,2.75,.3636363636363637,19,5,7,6
Round 1 Baseline,Katsina,603,2,Control,2120,2.75,.3636363636363637,20,10,15,15
Round 1 Baseline,Katsina,603,3,Control,2120,2.75,.3636363636363637,4,5,2,0
Round 1 Baseline,Katsina,603,4,Control,2120,2.75,.3636363636363637,20,5,9,8
Round 1 Baseline,Katsina,605,1,Control,2120,2.75,.3636363636363637,10,1,10.5,8
Round 1 Baseline,Katsina,605,2,Control,2120,2.75,.3636363636363637,12,5,11,2
Round 1 Baseline,Katsina,605,3,Control,2120,2.75,.3636363636363637,1,0,3,2
Round 1 Baseline,Katsina,605,4,Control,2120,2.75,.3636363636363637,14,9,12,1
Round 1 Baseline,Katsina,607,1,Control,2120,3.666666666666667,.3636363636363637,5,13,16.5,14
Round 1 Baseline,Katsina,607,2,Control,2120,3.666666666666667,.3636363636363637,21,10,25.5,10
Round 1 Baseline,Katsina,607,3,Control,2120,3.666666666666667,.3636363636363637,22,13,19,18
Round 1 Baseline,Katsina,617,1,Treatment,2121,3,.3333333333333333,17,6,8,4
Round 1 Baseline,Katsina,617,2,Treatment,2121,3,.3333333333333333,20,7,4.5,0
Round 1 Baseline,Katsina,617,3,Treatment,2121,3,.3333333333333333,20,9,10.5,9
Round 1 Baseline,Katsina,617,4,Treatment,2121,3,.3333333333333333,22,6,3.5,4
Round 1 Baseline,Katsina,621,1,Treatment,2121,4,.3333333333333333,6,6,5,0
Round 1 Baseline,Katsina,621,2,Treatment,2121,4,.3333333333333333,11,10,8.5,13
Round 1 Baseline,Katsina,621,4,Treatment,2121,4,.3333333333333333,14,7,13.5,4
Round 1 Baseline,Katsina,623,1,Treatment,2121,3,.3333333333333333,17,8,11.5,5
Round 1 Baseline,Katsina,623,2,Treatment,2121,3,.3333333333333333,13,6,13,4
Round 1 Baseline,Katsina,623,3,Treatment,2121,3,.3333333333333333,13,10,9,5
Round 1 Baseline,Katsina,623,4,Treatment,2121,3,.3333333333333333,16,3,12,15
Round 1 Baseline,Katsina,624,1,Treatment,2121,3,.3333333333333333,10,3,6.5,3
Round 1 Baseline,Katsina,624,2,Treatment,2121,3,.3333333333333333,14,8,6.5,2
Round 1 Baseline,Katsina,624,3,Treatment,2121,3,.3333333333333333,8,5,4.5,3
Round 1 Baseline,Katsina,624,4,Treatment,2121,3,.3333333333333333,14,10,4.5,2
Round 1 Baseline,Katsina,629,1,Control,2130,3,.3333333333333333,3,5,3.5,3
Round 1 Baseline,Katsina,629,2,Control,2130,3,.3333333333333333,16,7,9.5,6
Round 1 Baseline,Katsina,629,3,Control,2130,3,.3333333333333333,8,2,4.5,0
Round 1 Baseline,Katsina,629,4,Control,2130,3,.3333333333333333,13,7,13,3
Round 1 Baseline,Katsina,633,1,Control,2130,3,.3333333333333333,11,8,8.5,5
Round 1 Baseline,Katsina,633,2,Control,2130,3,.3333333333333333,16,8,16.5,11
Round 1 Baseline,Katsina,633,3,Control,2130,3,.3333333333333333,9,5,5.5,4
Round 1 Baseline,Katsina,633,4,Control,2130,3,.3333333333333333,8,5,5,4
Round 1 Baseline,Katsina,636,1,Control,2130,3,.3333333333333333,11,5,6.5,2
Round 1 Baseline,Katsina,636,2,Control,2130,3,.3333333333333333,15,10,14.5,7
Round 1 Baseline,Katsina,636,3,Control,2130,3,.3333333333333333,14,5,6.5,3
Round 1 Baseline,Katsina,636,4,Control,2130,3,.3333333333333333,8,4,7,4
Round 1 Baseline,Katsina,638,1,Treatment,2131,12,.3333333333333333,7,0,1.5,0
Round 1 Baseline,Katsina,639,1,Treatment,2131,4,.3333333333333333,7,5,4.5,0
Round 1 Baseline,Katsina,639,2,Treatment,2131,4,.3333333333333333,2,5,0,0
Round 1 Baseline,Katsina,639,3,Treatment,2131,4,.3333333333333333,8,5,6.5,6
Round 1 Baseline,Katsina,640,1,Treatment,2131,4,.3333333333333333,12,8,11.5,11
Round 1 Baseline,Katsina,640,2,Treatment,2131,4,.3333333333333333,11,1,1.5,1
Round 1 Baseline,Katsina,640,4,Treatment,2131,4,.3333333333333333,15,8,8.5,4
Round 1 Baseline,Katsina,646,1,Treatment,2131,4,.3333333333333333,5,0,0,0
Round 1 Baseline,Katsina,646,3,Treatment,2131,4,.3333333333333333,7,6,4,16
Round 1 Baseline,Katsina,646,4,Treatment,2131,4,.3333333333333333,15,1,1.5,0
Round 1 Baseline,Katsina,650,1,Treatment,2141,3,.3333333333333333,14,11,9,2
Round 1 Baseline,Katsina,650,2,Treatment,2141,3,.3333333333333333,11,7,7.5,5
Round 1 Baseline,Katsina,650,3,Treatment,2141,3,.3333333333333333,11,6,9,6
Round 1 Baseline,Katsina,650,4,Treatment,2141,3,.3333333333333333,10,5,6,1
Round 1 Baseline,Katsina,654,1,Treatment,2141,3,.3333333333333333,4,4,3.5,0
Round 1 Baseline,Katsina,654,2,Treatment,2141,3,.3333333333333333,5,5,1,0
Round 1 Baseline,Katsina,654,3,Treatment,2141,3,.3333333333333333,17,16,20.5,16
Round 1 Baseline,Katsina,654,4,Treatment,2141,3,.3333333333333333,5,6,10,9
Round 1 Baseline,Katsina,655,1,Treatment,2141,3,.3333333333333333,17,5,4.5,1
Round 1 Baseline,Katsina,655,2,Treatment,2141,3,.3333333333333333,16,10,5,5
Round 1 Baseline,Katsina,655,3,Treatment,2141,3,.3333333333333333,16,5,3,1
Round 1 Baseline,Katsina,655,4,Treatment,2141,3,.3333333333333333,12,7,4.5,5
Round 1 Baseline,Katsina,660,2,Treatment,2141,4,.3333333333333333,20,6,9,0
Round 1 Baseline,Katsina,660,3,Treatment,2141,4,.3333333333333333,17,3,8,0
Round 1 Baseline,Katsina,660,4,Treatment,2141,4,.3333333333333333,4,5,3,0
Round 1 Baseline,Katsina,661,1,Control,2140,3,.3333333333333333,16,8,11,3
Round 1 Baseline,Katsina,661,2,Control,2140,3,.3333333333333333,15,11,11.5,14
Round 1 Baseline,Katsina,661,3,Control,2140,3,.3333333333333333,7,4,6.5,1
Round 1 Baseline,Katsina,661,4,Control,2140,3,.3333333333333333,7,6,6,0
Round 1 Baseline,Katsina,663,1,Control,2140,3,.3333333333333333,14,5,7,4
Round 1 Baseline,Katsina,663,2,Control,2140,3,.3333333333333333,11,5,7,3
Round 1 Baseline,Katsina,663,3,Control,2140,3,.3333333333333333,14,6,7,11
Round 1 Baseline,Katsina,663,4,Control,2140,3,.3333333333333333,15,12,7,9
Round 1 Baseline,Katsina,666,1,Control,2140,3,.3333333333333333,16,6,6,3
Round 1 Baseline,Katsina,666,2,Control,2140,3,.3333333333333333,12,13,6,5
Round 1 Baseline,Katsina,666,3,Control,2140,3,.3333333333333333,5,1,5.5,2
Round 1 Baseline,Katsina,666,4,Control,2140,3,.3333333333333333,16,12,3,10
Round 1 Baseline,Katsina,668,1,Control,2140,3,.3333333333333333,15,7,13.5,4
Round 1 Baseline,Katsina,668,2,Control,2140,3,.3333333333333333,22,10,18,4
Round 1 Baseline,Katsina,668,3,Control,2140,3,.3333333333333333,14,7,13,4
Round 1 Baseline,Katsina,668,4,Control,2140,3,.3333333333333333,19,7,12.5,4
Round 1 Baseline,Zamfara,676,1,Treatment,311,2.75,.3636363636363637,12,7,7,0
Round 1 Baseline,Zamfara,676,2,Treatment,311,2.75,.3636363636363637,8,3,11.5,7
Round 1 Baseline,Zamfara,676,3,Treatment,311,2.75,.3636363636363637,14,5,10,4
Round 1 Baseline,Zamfara,676,4,Treatment,311,2.75,.3636363636363637,13,1,9.5,0
Round 1 Baseline,Zamfara,677,1,Treatment,311,2.75,.3636363636363637,11,6,10.5,4
Round 1 Baseline,Zamfara,677,2,Treatment,311,2.75,.3636363636363637,10,5,5,4
Round 1 Baseline,Zamfara,677,3,Treatment,311,2.75,.3636363636363637,12,5,7,0
Round 1 Baseline,Zamfara,677,4,Treatment,311,2.75,.3636363636363637,10,5,4.5,0
Round 1 Baseline,Zamfara,680,1,Treatment,311,2.75,.3636363636363637,8,5,6,1
Round 1 Baseline,Zamfara,680,2,Treatment,311,2.75,.3636363636363637,9,6,5.5,4
Round 1 Baseline,Zamfara,680,3,Treatment,311,2.75,.3636363636363637,8,4,7.5,0
Round 1 Baseline,Zamfara,680,4,Treatment,311,2.75,.3636363636363637,10,6,7.5,0
Round 1 Baseline,Zamfara,684,1,Treatment,311,2.75,.3636363636363637,14,4,10,3
Round 1 Baseline,Zamfara,684,2,Treatment,311,2.75,.3636363636363637,13,2,9.5,1
Round 1 Baseline,Zamfara,684,3,Treatment,311,2.75,.3636363636363637,17,8,6.5,9
Round 1 Baseline,Zamfara,684,4,Treatment,311,2.75,.3636363636363637,10,6,10.5,4
Round 1 Baseline,Zamfara,688,1,Control,310,4,.3333333333333333,8,4,2.5,0
Round 1 Baseline,Zamfara,688,2,Control,310,4,.3333333333333333,15,6,8,6
Round 1 Baseline,Zamfara,688,3,Control,310,4,.3333333333333333,9,4,8,0
Round 1 Baseline,Zamfara,692,1,Control,310,3,.3333333333333333,10,5,5.5,0
Round 1 Baseline,Zamfara,692,2,Control,310,3,.3333333333333333,9,6,10,4
Round 1 Baseline,Zamfara,692,3,Control,310,3,.3333333333333333,4,5,7,1
Round 1 Baseline,Zamfara,692,4,Control,310,3,.3333333333333333,7,2,.5,0
Round 1 Baseline,Zamfara,693,1,Control,310,3,.3333333333333333,9,5,2,1
Round 1 Baseline,Zamfara,693,2,Control,310,3,.3333333333333333,6,5,4,2
Round 1 Baseline,Zamfara,693,3,Control,310,3,.3333333333333333,11,0,14,0
Round 1 Baseline,Zamfara,693,4,Control,310,3,.3333333333333333,12,6,5.5,4
Round 1 Baseline,Zamfara,696,1,Control,310,3,.3333333333333333,9,4,4.5,0
Round 1 Baseline,Zamfara,696,2,Control,310,3,.3333333333333333,14,7,9,4
Round 1 Baseline,Zamfara,696,3,Control,310,3,.3333333333333333,11,5,11,0
Round 1 Baseline,Zamfara,696,4,Control,310,3,.3333333333333333,9,6,11,4
Round 1 Baseline,Zamfara,697,1,Control,320,3,.3333333333333333,11,4,6.5,3
Round 1 Baseline,Zamfara,697,2,Control,320,3,.3333333333333333,9,4,5,3
Round 1 Baseline,Zamfara,697,3,Control,320,3,.3333333333333333,15,4,16,6
Round 1 Baseline,Zamfara,697,4,Control,320,3,.3333333333333333,14,4,8.5,7
Round 1 Baseline,Zamfara,698,1,Control,320,3,.3333333333333333,17,1,4.5,4
Round 1 Baseline,Zamfara,698,2,Control,320,3,.3333333333333333,19,1,10.5,9
Round 1 Baseline,Zamfara,698,3,Control,320,3,.3333333333333333,14,5,7,0
Round 1 Baseline,Zamfara,698,4,Control,320,3,.3333333333333333,14,6,7,0
Round 1 Baseline,Zamfara,705,1,Control,320,3,.3333333333333333,16,6,11,3
Round 1 Baseline,Zamfara,705,2,Control,320,3,.3333333333333333,12,4,8,3
Round 1 Baseline,Zamfara,705,3,Control,320,3,.3333333333333333,10,4,3.5,4
Round 1 Baseline,Zamfara,705,4,Control,320,3,.3333333333333333,11,4,3,4
Round 1 Baseline,Zamfara,708,1,Control,320,3,.3333333333333333,16,6,5.5,3
Round 1 Baseline,Zamfara,708,2,Control,320,3,.3333333333333333,18,4,7.5,3
Round 1 Baseline,Zamfara,708,3,Control,320,3,.3333333333333333,8,0,5.5,3
Round 1 Baseline,Zamfara,708,4,Control,320,3,.3333333333333333,9,0,4,3
Round 1 Baseline,Zamfara,711,1,Treatment,321,3,.3333333333333333,11,0,19,4
Round 1 Baseline,Zamfara,711,2,Treatment,321,3,.3333333333333333,12,0,2.5,4
Round 1 Baseline,Zamfara,711,3,Treatment,321,3,.3333333333333333,14,1,13.5,1
Round 1 Baseline,Zamfara,711,4,Treatment,321,3,.3333333333333333,14,3,10.5,0
Round 1 Baseline,Zamfara,712,1,Treatment,321,3,.3333333333333333,12,1,3,3
Round 1 Baseline,Zamfara,712,2,Treatment,321,3,.3333333333333333,13,5,5,0
Round 1 Baseline,Zamfara,712,3,Treatment,321,3,.3333333333333333,10,3,6,3
Round 1 Baseline,Zamfara,712,4,Treatment,321,3,.3333333333333333,10,1,8,2
Round 1 Baseline,Zamfara,714,1,Treatment,321,3,.3333333333333333,8,6,14,3
Round 1 Baseline,Zamfara,714,2,Treatment,321,3,.3333333333333333,7,6,12.5,1
Round 1 Baseline,Zamfara,714,3,Treatment,321,3,.3333333333333333,18,8,14,7
Round 1 Baseline,Zamfara,714,4,Treatment,321,3,.3333333333333333,15,3,13.5,5
Round 1 Baseline,Zamfara,715,1,Treatment,321,3,.3333333333333333,15,6,4,2
Round 1 Baseline,Zamfara,715,2,Treatment,321,3,.3333333333333333,10,0,5,0
Round 1 Baseline,Zamfara,715,3,Treatment,321,3,.3333333333333333,16,6,4,2
Round 1 Baseline,Zamfara,715,4,Treatment,321,3,.3333333333333333,11,1,3,3
Round 1 Baseline,Zamfara,725,1,Control,330,4,.3333333333333333,11,4,13,7
Round 1 Baseline,Zamfara,725,3,Control,330,4,.3333333333333333,11,8,10.5,1
Round 1 Baseline,Zamfara,725,4,Control,330,4,.3333333333333333,8,6,9.5,1
Round 1 Baseline,Zamfara,727,1,Control,330,4,.3333333333333333,9,12,15,12
Round 1 Baseline,Zamfara,727,3,Control,330,4,.3333333333333333,9,0,2.5,0
Round 1 Baseline,Zamfara,727,4,Control,330,4,.3333333333333333,7,0,2.5,4
Round 1 Baseline,Zamfara,731,1,Control,330,4,.3333333333333333,20,6,3.5,4
Round 1 Baseline,Zamfara,731,2,Control,330,4,.3333333333333333,12,8,11,2
Round 1 Baseline,Zamfara,731,4,Control,330,4,.3333333333333333,10,4,5,1
Round 1 Baseline,Zamfara,732,1,Control,330,3,.3333333333333333,4,7,13,2
Round 1 Baseline,Zamfara,732,2,Control,330,3,.3333333333333333,4,4,9.5,3
Round 1 Baseline,Zamfara,732,3,Control,330,3,.3333333333333333,7,1,14.5,0
Round 1 Baseline,Zamfara,732,4,Control,330,3,.3333333333333333,11,8,8.5,13
Round 1 Baseline,Zamfara,733,1,Treatment,331,3,.3333333333333333,9,2,1.5,0
Round 1 Baseline,Zamfara,733,2,Treatment,331,3,.3333333333333333,7,5,7,0
Round 1 Baseline,Zamfara,733,3,Treatment,331,3,.3333333333333333,9,0,6,1
Round 1 Baseline,Zamfara,733,4,Treatment,331,3,.3333333333333333,7,0,4.5,2
Round 1 Baseline,Zamfara,734,1,Treatment,331,3,.3333333333333333,8,6,10,3
Round 1 Baseline,Zamfara,734,2,Treatment,331,3,.3333333333333333,9,4,4.5,1
Round 1 Baseline,Zamfara,734,3,Treatment,331,3,.3333333333333333,2,5,10.5,2
Round 1 Baseline,Zamfara,737,1,Treatment,331,4,.3333333333333333,12,5,2.5,0
Round 1 Baseline,Zamfara,737,2,Treatment,331,4,.3333333333333333,11,0,5,2
Round 1 Baseline,Zamfara,737,3,Treatment,331,4,.3333333333333333,8,0,8.5,0
Round 1 Baseline,Zamfara,743,1,Treatment,331,4,.3333333333333333,10,6,9,0
Round 1 Baseline,Zamfara,743,3,Treatment,331,4,.3333333333333333,5,4,6,0
Round 1 Baseline,Zamfara,743,4,Treatment,331,4,.3333333333333333,11,0,7.5,1
Round 1 Baseline,Zamfara,745,1,Treatment,341,2.75,.3636363636363637,14,4,4.5,0
Round 1 Baseline,Zamfara,745,2,Treatment,341,2.75,.3636363636363637,8,1,1.5,4
Round 1 Baseline,Zamfara,745,3,Treatment,341,2.75,.3636363636363637,15,4,4.5,0
Round 1 Baseline,Zamfara,745,4,Treatment,341,2.75,.3636363636363637,5,5,12.5,2
Round 1 Baseline,Zamfara,750,1,Treatment,341,11,.3636363636363637,5,4,5.5,1
Round 1 Baseline,Zamfara,756,1,Treatment,341,11,.3636363636363637,4,0,3,0
Round 1 Baseline,Zamfara,759,1,Control,340,2.75,.3636363636363637,9,4,10,0
Round 1 Baseline,Zamfara,759,2,Control,340,2.75,.3636363636363637,6,4,13,0
Round 1 Baseline,Zamfara,759,3,Control,340,2.75,.3636363636363637,10,3,4,0
Round 1 Baseline,Zamfara,759,4,Control,340,2.75,.3636363636363637,6,0,12.5,0
Round 1 Baseline,Zamfara,766,1,Control,340,2.75,.3636363636363637,11,8,10.5,5
Round 1 Baseline,Zamfara,766,2,Control,340,2.75,.3636363636363637,11,7,16.5,8
Round 1 Baseline,Zamfara,766,3,Control,340,2.75,.3636363636363637,5,5,5.5,2
Round 1 Baseline,Zamfara,766,4,Control,340,2.75,.3636363636363637,9,0,12.5,13
Round 1 Baseline,Zamfara,768,1,Control,340,2.75,.3636363636363637,6,4,5,0
Round 1 Baseline,Zamfara,768,2,Control,340,2.75,.3636363636363637,6,5,3,3
Round 1 Baseline,Zamfara,768,3,Control,340,2.75,.3636363636363637,4,5,4,1
Round 1 Baseline,Zamfara,768,4,Control,340,2.75,.3636363636363637,5,0,5.5,0
Round 1 Baseline,Zamfara,773,1,Treatment,351,2.75,.3636363636363637,10,8,1,8
Round 1 Baseline,Zamfara,773,2,Treatment,351,2.75,.3636363636363637,7,5,3.5,0
Round 1 Baseline,Zamfara,773,3,Treatment,351,2.75,.3636363636363637,11,8,6.5,3
Round 1 Baseline,Zamfara,773,4,Treatment,351,2.75,.3636363636363637,4,0,3,1
Round 1 Baseline,Zamfara,775,1,Treatment,351,3.666666666666667,.3636363636363637,10,6,8,0
Round 1 Baseline,Zamfara,775,3,Treatment,351,3.666666666666667,.3636363636363637,3,2,5,3
Round 1 Baseline,Zamfara,775,4,Treatment,351,3.666666666666667,.3636363636363637,6,4,3,0
Round 1 Baseline,Zamfara,778,1,Treatment,351,3.666666666666667,.3636363636363637,12,8,2.5,10
Round 1 Baseline,Zamfara,778,2,Treatment,351,3.666666666666667,.3636363636363637,4,4,4.5,0
Round 1 Baseline,Zamfara,778,4,Treatment,351,3.666666666666667,.3636363636363637,4,0,1,1
Round 1 Baseline,Zamfara,779,1,Treatment,351,3.666666666666667,.3636363636363637,9,4,0,0
Round 1 Baseline,Zamfara,779,2,Treatment,351,3.666666666666667,.3636363636363637,9,0,0,0
Round 1 Baseline,Zamfara,779,3,Treatment,351,3.666666666666667,.3636363636363637,1,0,4,3
Round 1 Baseline,Zamfara,784,1,Control,350,2.75,.3636363636363637,14,4,7.5,3
Round 1 Baseline,Zamfara,784,2,Control,350,2.75,.3636363636363637,7,5,4.5,3
Round 1 Baseline,Zamfara,784,3,Control,350,2.75,.3636363636363637,16,5,14,9
Round 1 Baseline,Zamfara,784,4,Control,350,2.75,.3636363636363637,10,4,1.5,2
Round 1 Baseline,Zamfara,786,2,Control,350,4.125,.3636363636363637,8,5,8.5,0
Round 1 Baseline,Zamfara,786,3,Control,350,4.125,.3636363636363637,7,6,0,0
Round 1 Baseline,Zamfara,787,1,Control,350,2.75,.3636363636363637,15,4,7.5,10
Round 1 Baseline,Zamfara,787,2,Control,350,2.75,.3636363636363637,10,4,13,1
Round 1 Baseline,Zamfara,787,3,Control,350,2.75,.3636363636363637,4,3,2.5,0
Round 1 Baseline,Zamfara,787,4,Control,350,2.75,.3636363636363637,2,0,1,0
Round 1 Baseline,Zamfara,791,1,Control,350,3.666666666666667,.3636363636363637,15,7,5,9
Round 1 Baseline,Zamfara,791,2,Control,350,3.666666666666667,.3636363636363637,10,4,1.5,5
Round 1 Baseline,Zamfara,791,3,Control,350,3.666666666666667,.3636363636363637,12,9,5,10
Round 1 Baseline,Zamfara,797,1,Treatment,361,2.75,.3636363636363637,11,5,9.5,5
Round 1 Baseline,Zamfara,797,2,Treatment,361,2.75,.3636363636363637,17,8,11,4
Round 1 Baseline,Zamfara,797,3,Treatment,361,2.75,.3636363636363637,12,5,8,3
Round 1 Baseline,Zamfara,797,4,Treatment,361,2.75,.3636363636363637,11,5,6.5,3
Round 1 Baseline,Zamfara,798,1,Treatment,361,2.75,.3636363636363637,9,10,12,10
Round 1 Baseline,Zamfara,798,2,Treatment,361,2.75,.3636363636363637,8,4,9,1
Round 1 Baseline,Zamfara,798,3,Treatment,361,2.75,.3636363636363637,9,7,9,1
Round 1 Baseline,Zamfara,798,4,Treatment,361,2.75,.3636363636363637,12,9,12,5
Round 1 Baseline,Zamfara,799,1,Treatment,361,2.75,.3636363636363637,6,7,8,4
Round 1 Baseline,Zamfara,799,2,Treatment,361,2.75,.3636363636363637,10,8,13,3
Round 1 Baseline,Zamfara,799,3,Treatment,361,2.75,.3636363636363637,9,5,8.5,2
Round 1 Baseline,Zamfara,799,4,Treatment,361,2.75,.3636363636363637,11,6,7.5,6
Round 1 Baseline,Zamfara,800,2,Treatment,361,3.666666666666667,.3636363636363637,12,8,12.5,6
Round 1 Baseline,Zamfara,800,3,Treatment,361,3.666666666666667,.3636363636363637,4,4,5.5,1
Round 1 Baseline,Zamfara,800,4,Treatment,361,3.666666666666667,.3636363636363637,9,4,8.5,0
Round 1 Baseline,Zamfara,805,1,Control,360,3.333333333333334,.4,12,4,7.5,0
Round 1 Baseline,Zamfara,805,2,Control,360,3.333333333333334,.4,10,5,5.5,3
Round 1 Baseline,Zamfara,805,4,Control,360,3.333333333333334,.4,13,7,8,3
Round 1 Baseline,Zamfara,807,1,Control,360,2.5,.4,0,3,6,4
Round 1 Baseline,Zamfara,807,2,Control,360,2.5,.4,7,5,6.5,2
Round 1 Baseline,Zamfara,807,3,Control,360,2.5,.4,3,3,6,0
Round 1 Baseline,Zamfara,807,4,Control,360,2.5,.4,4,3,9,0
Round 1 Baseline,Zamfara,811,1,Control,360,2.5,.4,8,7,9.5,1
Round 1 Baseline,Zamfara,811,2,Control,360,2.5,.4,2,4,14.5,4
Round 1 Baseline,Zamfara,811,3,Control,360,2.5,.4,12,3,5.5,1
Round 1 Baseline,Zamfara,811,4,Control,360,2.5,.4,5,0,11,0
Round 1 Baseline,Zamfara,815,1,Control,360,5,.4,8,7,17.5,5
Round 1 Baseline,Zamfara,815,4,Control,360,5,.4,13,6,7.5,0
Round 1 Baseline,Zamfara,821,1,Treatment,371,2.5,.4,12,10,4,12
Round 1 Baseline,Zamfara,821,2,Treatment,371,2.5,.4,3,5,3.5,0
Round 1 Baseline,Zamfara,821,3,Treatment,371,2.5,.4,18,5,13,2
Round 1 Baseline,Zamfara,821,4,Treatment,371,2.5,.4,17,8,11,4
Round 1 Baseline,Zamfara,822,1,Treatment,371,2.5,.4,8,8,4,11
Round 1 Baseline,Zamfara,822,2,Treatment,371,2.5,.4,16,6,3.5,0
Round 1 Baseline,Zamfara,822,3,Treatment,371,2.5,.4,10,8,4.5,0
Round 1 Baseline,Zamfara,822,4,Treatment,371,2.5,.4,6,6,5,0
Round 1 Baseline,Zamfara,825,1,Treatment,371,2.5,.4,2,3,10.5,2
Round 1 Baseline,Zamfara,825,2,Treatment,371,2.5,.4,16,6,6,0
Round 1 Baseline,Zamfara,825,3,Treatment,371,2.5,.4,7,3,9.5,0
Round 1 Baseline,Zamfara,825,4,Treatment,371,2.5,.4,22,6,14.5,11
Round 1 Baseline,Zamfara,827,1,Treatment,371,5,.4,15,5,11.5,16
Round 1 Baseline,Zamfara,827,2,Treatment,371,5,.4,16,11,14.5,13
Round 1 Baseline,Zamfara,829,1,Control,370,2.25,.4444444444444444,16,7,7,4
Round 1 Baseline,Zamfara,829,2,Control,370,2.25,.4444444444444444,19,8,15.5,4
Round 1 Baseline,Zamfara,829,3,Control,370,2.25,.4444444444444444,16,17,16.5,20
Round 1 Baseline,Zamfara,829,4,Control,370,2.25,.4444444444444444,19,14,9.5,9
Round 1 Baseline,Zamfara,836,1,Control,370,3,.4444444444444444,16,6,6.5,3
Round 1 Baseline,Zamfara,836,2,Control,370,3,.4444444444444444,13,8,7,0
Round 1 Baseline,Zamfara,836,3,Control,370,3,.4444444444444444,6,0,0,0
Round 1 Baseline,Zamfara,837,1,Control,370,3,.4444444444444444,21,14,14.5,14
Round 1 Baseline,Zamfara,837,2,Control,370,3,.4444444444444444,4,0,6,2
Round 1 Baseline,Zamfara,837,4,Control,370,3,.4444444444444444,4,2,10,1
Round 1 Baseline,Zamfara,839,1,Control,370,2.25,.4444444444444444,20,2,5,8
Round 1 Baseline,Zamfara,839,2,Control,370,2.25,.4444444444444444,14,3,6.5,3
Round 1 Baseline,Zamfara,839,3,Control,370,2.25,.4444444444444444,13,8,8.5,0
Round 1 Baseline,Zamfara,839,4,Control,370,2.25,.4444444444444444,14,11,11,4
Round 1 Baseline,Zamfara,841,1,Control,380,4,.3333333333333333,8,6,0,7
Round 1 Baseline,Zamfara,841,2,Control,380,4,.3333333333333333,9,5,4,4
Round 1 Baseline,Zamfara,841,4,Control,380,4,.3333333333333333,10,2,4.5,7
Round 1 Baseline,Zamfara,845,1,Control,380,3,.3333333333333333,7,6,13.5,6
Round 1 Baseline,Zamfara,845,2,Control,380,3,.3333333333333333,9,9,0,4
Round 1 Baseline,Zamfara,845,3,Control,380,3,.3333333333333333,7,6,1,3
Round 1 Baseline,Zamfara,845,4,Control,380,3,.3333333333333333,17,1,3,0
Round 1 Baseline,Zamfara,847,1,Control,380,3,.3333333333333333,10,6,7,3
Round 1 Baseline,Zamfara,847,2,Control,380,3,.3333333333333333,6,4,3.5,0
Round 1 Baseline,Zamfara,848,1,Control,380,3,.3333333333333333,11,3,8,1
Round 1 Baseline,Zamfara,848,2,Control,380,3,.3333333333333333,9,2,5.5,0
Round 1 Baseline,Zamfara,848,3,Control,380,3,.3333333333333333,5,4,5.5,0
Round 1 Baseline,Zamfara,848,4,Control,380,3,.3333333333333333,9,1,1,0
Round 1 Baseline,Zamfara,853,1,Treatment,381,3,.3333333333333333,14,0,13,2
Round 1 Baseline,Zamfara,853,2,Treatment,381,3,.3333333333333333,14,6,6.5,4
Round 1 Baseline,Zamfara,853,3,Treatment,381,3,.3333333333333333,10,0,7.5,0
Round 1 Baseline,Zamfara,853,4,Treatment,381,3,.3333333333333333,12,0,1,0
Round 1 Baseline,Zamfara,855,1,Treatment,381,3,.3333333333333333,11,5,5.5,0
Round 1 Baseline,Zamfara,855,2,Treatment,381,3,.3333333333333333,7,2,1,0
Round 1 Baseline,Zamfara,855,3,Treatment,381,3,.3333333333333333,4,4,4,0
Round 1 Baseline,Zamfara,855,4,Treatment,381,3,.3333333333333333,11,0,5,0
Round 1 Baseline,Zamfara,858,1,Treatment,381,6,.3333333333333333,9,0,5.5,0
Round 1 Baseline,Zamfara,858,4,Treatment,381,6,.3333333333333333,5,3,3.5,0
Round 1 Baseline,Zamfara,861,1,Treatment,381,4,.3333333333333333,10,5,3,0
Round 1 Baseline,Zamfara,861,2,Treatment,381,4,.3333333333333333,13,2,1,0
Round 1 Baseline,Zamfara,861,4,Treatment,381,4,.3333333333333333,10,0,2,0
Round 1 Baseline,Zamfara,866,1,Control,390,3,.3333333333333333,13,7,6.5,5
Round 1 Baseline,Zamfara,866,2,Control,390,3,.3333333333333333,9,5,7,6
Round 1 Baseline,Zamfara,866,3,Control,390,3,.3333333333333333,7,6,8,2
Round 1 Baseline,Zamfara,866,4,Control,390,3,.3333333333333333,7,1,3,2
Round 1 Baseline,Zamfara,868,1,Control,390,3,.3333333333333333,6,0,9.5,3
Round 1 Baseline,Zamfara,868,2,Control,390,3,.3333333333333333,13,6,9,4
Round 1 Baseline,Zamfara,868,3,Control,390,3,.3333333333333333,9,5,6.5,0
Round 1 Baseline,Zamfara,868,4,Control,390,3,.3333333333333333,11,5,9,2
Round 1 Baseline,Zamfara,869,1,Control,390,4,.3333333333333333,15,5,7,1
Round 1 Baseline,Zamfara,869,3,Control,390,4,.3333333333333333,14,6,10.5,2
Round 1 Baseline,Zamfara,869,4,Control,390,4,.3333333333333333,12,3,7.5,4
Round 1 Baseline,Zamfara,872,1,Control,390,3,.3333333333333333,11,5,7.5,2
Round 1 Baseline,Zamfara,872,2,Control,390,3,.3333333333333333,7,0,5,0
Round 1 Baseline,Zamfara,872,3,Control,390,3,.3333333333333333,6,5,7,2
Round 1 Baseline,Zamfara,872,4,Control,390,3,.3333333333333333,4,2,.5,0
Round 1 Baseline,Zamfara,879,1,Treatment,391,3,.3333333333333333,8,0,9.5,3
Round 1 Baseline,Zamfara,879,2,Treatment,391,3,.3333333333333333,12,0,10,3
Round 1 Baseline,Zamfara,879,3,Treatment,391,3,.3333333333333333,6,5,4.5,2
Round 1 Baseline,Zamfara,879,4,Treatment,391,3,.3333333333333333,10,0,6,4
Round 1 Baseline,Zamfara,880,1,Treatment,391,3,.3333333333333333,11,6,13,1
Round 1 Baseline,Zamfara,880,2,Treatment,391,3,.3333333333333333,4,0,1.5,0
Round 1 Baseline,Zamfara,880,3,Treatment,391,3,.3333333333333333,13,7,13.5,6
Round 1 Baseline,Zamfara,880,4,Treatment,391,3,.3333333333333333,10,7,11.5,4
Round 1 Baseline,Zamfara,882,1,Treatment,391,3,.3333333333333333,9,3,5,0
Round 1 Baseline,Zamfara,882,2,Treatment,391,3,.3333333333333333,10,7,3.5,4
Round 1 Baseline,Zamfara,882,3,Treatment,391,3,.3333333333333333,4,0,5,0
Round 1 Baseline,Zamfara,882,4,Treatment,391,3,.3333333333333333,9,0,3,0
Round 1 Baseline,Zamfara,883,1,Treatment,391,3,.3333333333333333,11,5,9,3
Round 1 Baseline,Zamfara,883,2,Treatment,391,3,.3333333333333333,5,0,2.5,4
Round 1 Baseline,Zamfara,883,3,Treatment,391,3,.3333333333333333,7,5,3.5,2
Round 1 Baseline,Zamfara,883,4,Treatment,391,3,.3333333333333333,5,0,4,0
Round 1 Baseline,Zamfara,889,1,Control,3100,2.75,.3636363636363637,13,6,6.5,5
Round 1 Baseline,Zamfara,889,2,Control,3100,2.75,.3636363636363637,8,0,4,4
Round 1 Baseline,Zamfara,889,3,Control,3100,2.75,.3636363636363637,7,4,4,1
Round 1 Baseline,Zamfara,889,4,Control,3100,2.75,.3636363636363637,10,0,1,5
Round 1 Baseline,Zamfara,890,1,Control,3100,2.75,.3636363636363637,19,10,13,1
Round 1 Baseline,Zamfara,890,2,Control,3100,2.75,.3636363636363637,4,7,4.5,2
Round 1 Baseline,Zamfara,890,3,Control,3100,2.75,.3636363636363637,6,5,0,0
Round 1 Baseline,Zamfara,890,4,Control,3100,2.75,.3636363636363637,19,9,14,9
Round 1 Baseline,Zamfara,891,1,Control,3100,2.75,.3636363636363637,6,4,1.5,0
Round 1 Baseline,Zamfara,891,2,Control,3100,2.75,.3636363636363637,7,2,4.5,2
Round 1 Baseline,Zamfara,891,3,Control,3100,2.75,.3636363636363637,10,6,6.5,2
Round 1 Baseline,Zamfara,891,4,Control,3100,2.75,.3636363636363637,11,4,11.5,0
Round 1 Baseline,Zamfara,892,1,Control,3100,2.75,.3636363636363637,22,14,16.5,10
Round 1 Baseline,Zamfara,892,2,Control,3100,2.75,.3636363636363637,7,6,3,0
Round 1 Baseline,Zamfara,892,3,Control,3100,2.75,.3636363636363637,5,0,4.5,0
Round 1 Baseline,Zamfara,892,4,Control,3100,2.75,.3636363636363637,7,6,2.5,0
Round 1 Baseline,Zamfara,904,1,Treatment,3101,4,.3333333333333333,14,6,0,3
Round 1 Baseline,Zamfara,904,2,Treatment,3101,4,.3333333333333333,2,0,2,1
Round 1 Baseline,Zamfara,904,3,Treatment,3101,4,.3333333333333333,13,0,3.5,6
Round 1 Baseline,Zamfara,905,1,Treatment,3101,3,.3333333333333333,10,5,7,4
Round 1 Baseline,Zamfara,905,2,Treatment,3101,3,.3333333333333333,5,5,4,3
Round 1 Baseline,Zamfara,905,3,Treatment,3101,3,.3333333333333333,3,5,4,0
Round 1 Baseline,Zamfara,905,4,Treatment,3101,3,.3333333333333333,9,5,5,0
Round 1 Baseline,Zamfara,909,2,Treatment,3101,12,.3333333333333333,7,4,3.5,2
Round 1 Baseline,Zamfara,911,1,Treatment,3101,3,.3333333333333333,7,6,3.5,0
Round 1 Baseline,Zamfara,911,2,Treatment,3101,3,.3333333333333333,8,1,2.5,5
Round 1 Baseline,Zamfara,911,3,Treatment,3101,3,.3333333333333333,10,5,.5,4
Round 1 Baseline,Zamfara,911,4,Treatment,3101,3,.3333333333333333,8,0,1.5,0
Round 1 Baseline,Zamfara,916,1,Control,3110,2.75,.3636363636363637,11,6,10.5,2
Round 1 Baseline,Zamfara,916,2,Control,3110,2.75,.3636363636363637,10,0,3,0
Round 1 Baseline,Zamfara,916,3,Control,3110,2.75,.3636363636363637,14,6,0,2
Round 1 Baseline,Zamfara,916,4,Control,3110,2.75,.3636363636363637,4,0,3,0
Round 1 Baseline,Zamfara,917,1,Control,3110,2.75,.3636363636363637,11,4,2,0
Round 1 Baseline,Zamfara,917,2,Control,3110,2.75,.3636363636363637,6,0,4.5,0
Round 1 Baseline,Zamfara,917,3,Control,3110,2.75,.3636363636363637,11,5,12.5,0
Round 1 Baseline,Zamfara,917,4,Control,3110,2.75,.3636363636363637,9,5,4.5,2
Round 1 Baseline,Zamfara,920,1,Control,3110,2.75,.3636363636363637,19,14,8,16
Round 1 Baseline,Zamfara,920,2,Control,3110,2.75,.3636363636363637,13,6,10.5,2
Round 1 Baseline,Zamfara,920,3,Control,3110,2.75,.3636363636363637,8,5,4,0
Round 1 Baseline,Zamfara,920,4,Control,3110,2.75,.3636363636363637,12,5,13.5,0
Round 1 Baseline,Zamfara,921,1,Control,3110,2.75,.3636363636363637,7,3,2.5,0
Round 1 Baseline,Zamfara,921,2,Control,3110,2.75,.3636363636363637,5,4,4.5,0
Round 1 Baseline,Zamfara,921,3,Control,3110,2.75,.3636363636363637,13,6,10,0
Round 1 Baseline,Zamfara,921,4,Control,3110,2.75,.3636363636363637,11,5,2.5,0
Round 1 Baseline,Zamfara,925,1,Treatment,3111,2.75,.3636363636363637,6,0,6,0
Round 1 Baseline,Zamfara,925,2,Treatment,3111,2.75,.3636363636363637,1,5,8.5,0
Round 1 Baseline,Zamfara,925,3,Treatment,3111,2.75,.3636363636363637,12,5,4.5,0
Round 1 Baseline,Zamfara,925,4,Treatment,3111,2.75,.3636363636363637,8,5,3.5,0
Round 1 Baseline,Zamfara,929,2,Treatment,3111,3.666666666666667,.3636363636363637,12,5,1.5,0
Round 1 Baseline,Zamfara,929,3,Treatment,3111,3.666666666666667,.3636363636363637,11,10,8,7
Round 1 Baseline,Zamfara,929,4,Treatment,3111,3.666666666666667,.3636363636363637,15,9,4.5,9
Round 1 Baseline,Zamfara,931,1,Treatment,3111,2.75,.3636363636363637,8,6,5,0
Round 1 Baseline,Zamfara,931,2,Treatment,3111,2.75,.3636363636363637,5,5,3.5,0
Round 1 Baseline,Zamfara,931,3,Treatment,3111,2.75,.3636363636363637,13,7,5.5,0
Round 1 Baseline,Zamfara,931,4,Treatment,3111,2.75,.3636363636363637,12,5,7,0
Round 1 Baseline,Zamfara,935,1,Treatment,3111,2.75,.3636363636363637,14,7,4.5,12
Round 1 Baseline,Zamfara,935,2,Treatment,3111,2.75,.3636363636363637,7,5,4.5,0
Round 1 Baseline,Zamfara,935,3,Treatment,3111,2.75,.3636363636363637,7,1,8,0
Round 1 Baseline,Zamfara,935,4,Treatment,3111,2.75,.3636363636363637,6,2,2.5,0
Round 1 Baseline,Zamfara,938,1,Treatment,3121,2.75,.3636363636363637,12,0,6,6
Round 1 Baseline,Zamfara,938,2,Treatment,3121,2.75,.3636363636363637,10,5,10,0
Round 1 Baseline,Zamfara,938,3,Treatment,3121,2.75,.3636363636363637,8,5,13.5,0
Round 1 Baseline,Zamfara,938,4,Treatment,3121,2.75,.3636363636363637,7,2,0,0
Round 1 Baseline,Zamfara,939,2,Treatment,3121,3.666666666666667,.3636363636363637,20,6,9.5,8
Round 1 Baseline,Zamfara,939,3,Treatment,3121,3.666666666666667,.3636363636363637,19,10,12.5,10
Round 1 Baseline,Zamfara,939,4,Treatment,3121,3.666666666666667,.3636363636363637,15,6,6,3
Round 1 Baseline,Zamfara,941,1,Treatment,3121,2.75,.3636363636363637,17,6,19.5,4
Round 1 Baseline,Zamfara,941,2,Treatment,3121,2.75,.3636363636363637,15,1,5,0
Round 1 Baseline,Zamfara,941,4,Treatment,3121,2.75,.3636363636363637,13,4,0,0
Round 1 Baseline,Zamfara,943,1,Treatment,3121,5.5,.3636363636363637,16,7,5.5,3
Round 1 Baseline,Zamfara,943,2,Treatment,3121,5.5,.3636363636363637,16,5,4.5,3
Round 1 Baseline,Zamfara,953,1,Control,3120,3,.3333333333333333,13,6,4,3
Round 1 Baseline,Zamfara,953,2,Control,3120,3,.3333333333333333,15,1,9,0
Round 1 Baseline,Zamfara,953,3,Control,3120,3,.3333333333333333,15,5,9.5,4
Round 1 Baseline,Zamfara,953,4,Control,3120,3,.3333333333333333,17,4,10,4
Round 1 Baseline,Zamfara,957,1,Control,3120,3,.3333333333333333,8,0,7.5,2
Round 1 Baseline,Zamfara,957,2,Control,3120,3,.3333333333333333,5,0,4.5,0
Round 1 Baseline,Zamfara,957,3,Control,3120,3,.3333333333333333,10,0,.5,1
Round 1 Baseline,Zamfara,959,1,Control,3120,3,.3333333333333333,14,6,13.5,2
Round 1 Baseline,Zamfara,959,2,Control,3120,3,.3333333333333333,16,5,7.5,3
Round 1 Baseline,Zamfara,959,3,Control,3120,3,.3333333333333333,16,4,5,4
Round 1 Baseline,Zamfara,959,4,Control,3120,3,.3333333333333333,8,5,9,3
Round 1 Baseline,Zamfara,960,1,Control,3120,3,.3333333333333333,14,4,9,2
Round 1 Baseline,Zamfara,960,2,Control,3120,3,.3333333333333333,9,5,2,1
Round 1 Baseline,Zamfara,960,3,Control,3120,3,.3333333333333333,20,7,9.5,4
Round 1 Baseline,Zamfara,960,4,Control,3120,3,.3333333333333333,16,4,8,2
Round 1 Baseline,Zamfara,963,1,Control,3130,3,.3333333333333333,1,4,1.5,0
Round 1 Baseline,Zamfara,963,2,Control,3130,3,.3333333333333333,9,7,5,0
Round 1 Baseline,Zamfara,963,3,Control,3130,3,.3333333333333333,2,2,1.5,0
Round 1 Baseline,Zamfara,963,4,Control,3130,3,.3333333333333333,3,4,0,0
Round 1 Baseline,Zamfara,965,1,Control,3130,4,.3333333333333333,10,0,3,0
Round 1 Baseline,Zamfara,965,2,Control,3130,4,.3333333333333333,4,0,3.5,0
Round 1 Baseline,Zamfara,965,3,Control,3130,4,.3333333333333333,4,0,2.5,0
Round 1 Baseline,Zamfara,969,1,Control,3130,4,.3333333333333333,6,3,0,9
Round 1 Baseline,Zamfara,969,2,Control,3130,4,.3333333333333333,9,0,.5,0
Round 1 Baseline,Zamfara,969,3,Control,3130,4,.3333333333333333,7,5,7.5,0
Round 1 Baseline,Zamfara,972,1,Control,3130,4,.3333333333333333,3,0,2.5,2
Round 1 Baseline,Zamfara,972,2,Control,3130,4,.3333333333333333,8,0,5.5,2
Round 1 Baseline,Zamfara,972,3,Control,3130,4,.3333333333333333,8,0,4.5,0
Round 1 Baseline,Zamfara,975,1,Treatment,3131,2.75,.3636363636363637,16,7,6,0
Round 1 Baseline,Zamfara,975,2,Treatment,3131,2.75,.3636363636363637,14,7,4,0
Round 1 Baseline,Zamfara,975,3,Treatment,3131,2.75,.3636363636363637,11,0,4.5,0
Round 1 Baseline,Zamfara,975,4,Treatment,3131,2.75,.3636363636363637,4,0,6.5,0
Round 1 Baseline,Zamfara,982,1,Treatment,3131,5.5,.3636363636363637,7,2,5,4
Round 1 Baseline,Zamfara,982,3,Treatment,3131,5.5,.3636363636363637,1,2,2.5,3
Round 1 Baseline,Zamfara,983,1,Treatment,3131,2.75,.3636363636363637,14,2,9,10
Round 1 Baseline,Zamfara,983,2,Treatment,3131,2.75,.3636363636363637,12,3,6,7
Round 1 Baseline,Zamfara,983,3,Treatment,3131,2.75,.3636363636363637,2,0,1.5,0
Round 1 Baseline,Zamfara,983,4,Treatment,3131,2.75,.3636363636363637,2,0,1.5,0
Round 1 Baseline,Zamfara,986,1,Control,3140,4,.3333333333333333,16,20,10.5,18
Round 1 Baseline,Zamfara,986,2,Control,3140,4,.3333333333333333,7,1,1.5,0
Round 1 Baseline,Zamfara,986,4,Control,3140,4,.3333333333333333,8,0,0,0
Round 1 Baseline,Zamfara,990,1,Control,3140,3,.3333333333333333,19,8,9.5,6
Round 1 Baseline,Zamfara,990,2,Control,3140,3,.3333333333333333,12,5,5.5,3
Round 1 Baseline,Zamfara,990,3,Control,3140,3,.3333333333333333,16,9,9.5,5
Round 1 Baseline,Zamfara,990,4,Control,3140,3,.3333333333333333,17,14,22,9
Round 1 Baseline,Zamfara,991,1,Control,3140,3,.3333333333333333,14,6,19,3
Round 1 Baseline,Zamfara,991,2,Control,3140,3,.3333333333333333,13,11,10.5,8
Round 1 Baseline,Zamfara,991,3,Control,3140,3,.3333333333333333,16,11,9,14
Round 1 Baseline,Zamfara,991,4,Control,3140,3,.3333333333333333,9,6,6.5,3
Round 1 Baseline,Zamfara,993,1,Control,3140,3,.3333333333333333,11,2,3.5,2
Round 1 Baseline,Zamfara,993,2,Control,3140,3,.3333333333333333,16,3,11,10
Round 1 Baseline,Zamfara,993,3,Control,3140,3,.3333333333333333,17,6,2.5,2
Round 1 Baseline,Zamfara,993,4,Control,3140,3,.3333333333333333,9,4,2.5,3
Round 1 Baseline,Zamfara,997,1,Treatment,3141,3,.3333333333333333,7,6,8,3
Round 1 Baseline,Zamfara,997,2,Treatment,3141,3,.3333333333333333,12,13,4,8
Round 1 Baseline,Zamfara,997,3,Treatment,3141,3,.3333333333333333,8,7,6,12
Round 1 Baseline,Zamfara,997,4,Treatment,3141,3,.3333333333333333,16,6,1.5,0
Round 1 Baseline,Zamfara,999,1,Treatment,3141,3,.3333333333333333,14,7,12,1
Round 1 Baseline,Zamfara,999,2,Treatment,3141,3,.3333333333333333,16,8,17.5,3
Round 1 Baseline,Zamfara,999,3,Treatment,3141,3,.3333333333333333,15,6,3.5,4
Round 1 Baseline,Zamfara,999,4,Treatment,3141,3,.3333333333333333,4,1,4,1
Round 1 Baseline,Zamfara,1002,1,Treatment,3141,3,.3333333333333333,16,12,11.5,12
Round 1 Baseline,Zamfara,1002,2,Treatment,3141,3,.3333333333333333,24,20,24,16
Round 1 Baseline,Zamfara,1002,3,Treatment,3141,3,.3333333333333333,21,10,17,7
Round 1 Baseline,Zamfara,1002,4,Treatment,3141,3,.3333333333333333,8,2,2.5,3
